{
  "species": "neonHoloTetra12",
  "name": "Neon Holo Tetra 12",
  "params": {
    "thickness": 0.10345907779223054,
    "camber": 0.01,
    "camberPos": 0.4,
    "bodyLength": 0.653358871614182,
    "bellyBulge": 0.005,
    "headBluntness": 0.9766262549645034,
    "tailNarrow": 0.03
  },
  "geometry": {
    "body": {
      "top": [
        [
          -0.02969161297217942,
          0.00009816972914908574
        ],
        [
          -0.02533588716141822,
          0.0005235287713790233
        ],
        [
          -0.020980161350657,
          0.0016400962572326087
        ],
        [
          -0.01662443553989578,
          0.0031820227853161316
        ],
        [
          -0.012268709729134568,
          0.004989798714793367
        ],
        [
          -0.007912983918373355,
          0.006797574644270601
        ],
        [
          -0.003557258107612142,
          0.008339501172354123
        ],
        [
          0.0007984677031490778,
          0.00945606865820771
        ],
        [
          0.016043508040813323,
          0.020937688469872578
        ],
        [
          0.02693282256771636,
          0.026143621113177716
        ],
        [
          0.037822137094619394,
          0.029889138841906252
        ],
        [
          0.048711451621522434,
          0.03291062769598555
        ],
        [
          0.059600766148425466,
          0.035468904434615374
        ],
        [
          0.0704900806753285,
          0.037665804913088165
        ],
        [
          0.08137939520223153,
          0.03960532264248759
        ],
        [
          0.09226870972913458,
          0.04133827569725693
        ],
        [
          0.10315802425603762,
          0.04286098363476896
        ],
        [
          0.11404733878294063,
          0.04428145528973243
        ],
        [
          0.12493665330984369,
          0.045541533927167206
        ],
        [
          0.1358259678367467,
          0.04669474099842887
        ],
        [
          0.14671528236364975,
          0.047682500959290004
        ],
        [
          0.15760459689055276,
          0.048615719506181904
        ],
        [
          0.16849391141745582,
          0.049436151061740395
        ],
        [
          0.17938322594435885,
          0.05019917193222297
        ],
        [
          0.19027254047126188,
          0.05078870191312115
        ],
        [
          0.2011618549981649,
          0.0513753796504012
        ],
        [
          0.21205116952506795,
          0.05184301995554637
        ],
        [
          0.22294048405197098,
          0.05224808919285538
        ],
        [
          0.23382979857887404,
          0.052531375748446164
        ],
        [
          0.24471911310577707,
          0.05280832645086281
        ],
        [
          0.25560842763268005,
          0.052961409334024837
        ],
        [
          0.2664977421595831,
          0.05310690896024443
        ],
        [
          0.27738705668648617,
          0.05312672389494589
        ],
        [
          0.2882763712133892,
          0.05313792262030413
        ],
        [
          0.29916568574029223,
          0.05302191378146355
        ],
        [
          0.31005500026719524,
          0.052896490185297816
        ],
        [
          0.3209443147940983,
          0.05270212018059806
        ],
        [
          0.33183362932100136,
          0.05243842888786337
        ],
        [
          0.34272294384790436,
          0.05210511679934872
        ],
        [
          0.3536122583748074,
          0.05176172688618396
        ],
        [
          0.3645015729017104,
          0.05134850695513489
        ],
        [
          0.3753908874286135,
          0.05086536044641919
        ],
        [
          0.3862802019555165,
          0.050372241835903296
        ],
        [
          0.39716951648241955,
          0.049809337392504545
        ],
        [
          0.4080588310093226,
          0.04923681469012964
        ],
        [
          0.4189481455362256,
          0.048594860281835885
        ],
        [
          0.4298374600631286,
          0.047943811463569526
        ],
        [
          0.4407267745900317,
          0.047223895498596624
        ],
        [
          0.4516160891169347,
          0.0464955743809507
        ],
        [
          0.4625054036438378,
          0.045699155658518315
        ],
        [
          0.47339471817074075,
          0.04489517963222201
        ],
        [
          0.4842840326976438,
          0.04402407261911066
        ],
        [
          0.4951733472245468,
          0.04314640576299686
        ],
        [
          0.5060626617514499,
          0.042262674780438436
        ],
        [
          0.5169519762783529,
          0.04131353774357108
        ],
        [
          0.5278412908052559,
          0.040359506063476006
        ],
        [
          0.538730605332159,
          0.039341447029077055
        ],
        [
          0.549619919859062,
          0.03831978210957806
        ],
        [
          0.560509234385965,
          0.03729508898274561
        ],
        [
          0.5713985489128681,
          0.03626794485446444
        ],
        [
          0.5822878634397711,
          0.03517970426926826
        ],
        [
          0.5931771779666742,
          0.03403135249362364
        ],
        [
          0.6040664924935772,
          0.032941797525768486
        ],
        [
          0.6149558070204802,
          0.03179362590889661
        ],
        [
          0.6258451215473833,
          0.030646526701475343
        ],
        [
          0.6367344360742863,
          0.029442651863780686
        ],
        [
          0.6476237506011894,
          0.028241390113793556
        ],
        [
          0.6585130651280924,
          0.027043335202984402
        ],
        [
          0.6694023796549954,
          0.025791187608474528
        ],
        [
          0.6802916941818985,
          0.02460146675879262
        ],
        [
          0.6911810087088015,
          0.023301714133216748
        ],
        [
          0.7020703232357046,
          0.022065493845631175
        ],
        [
          0.7129596377626076,
          0.020778629182674514
        ],
        [
          0.7238489522895105,
          0.019783065970963822
        ],
        [
          0.7347382668164136,
          0.019528237426045442
        ],
        [
          0.7456275813433166,
          0.019273021119862538
        ],
        [
          0.7565168958702198,
          0.018288636549316513
        ],
        [
          0.7674062103971228,
          0.01731069599476759
        ],
        [
          0.7782955249240258,
          0.01633952822658282
        ],
        [
          0.7891848394509289,
          0.01543075213561685
        ],
        [
          0.8000741539778319,
          0.0144737635663754
        ],
        [
          0.8109634685047349,
          0.013469602590768254
        ],
        [
          0.8218527830316379,
          0.012528346947558907
        ],
        [
          0.8327420975585409,
          0.011595152680734203
        ],
        [
          0.843631412085444,
          0.010670202602438037
        ],
        [
          0.854520726612347,
          0.009699939533841889
        ],
        [
          0.8654100411392501,
          0.008792193885714424
        ],
        [
          0.8762993556661531,
          0.007839914320605447
        ]
      ],