{
  "species": "neonHoloTetra04",
  "name": "Neon Holo Tetra 04",
  "params": {
    "thickness": 0.1273513227879361,
    "camber": 0.01,
    "camberPos": 0.4,
    "bodyLength": 0.6828520275703339,
    "bellyBulge": 0.005,
    "headBluntness": 0.9687654740776633,
    "tailNarrow": 0.03
  },
  "geometry": {
    "body": {
      "top": [
        [
          -0.032837549607502285,
          0.00013118500887381398
        ],
        [
          -0.02828520275703341,
          0.0007221865094263025
        ],
        [
          -0.023732855906564508,
          0.002273565448376584
        ],
        [
          -0.019180509056095613,
          0.004415945887879354
        ],
        [
          -0.01462816220562671,
          0.00692770226522743
        ],
        [
          -0.010075815355157822,
          0.009439458642575506
        ],
        [
          -0.005523468504688933,
          0.011581839082078276
        ],
        [
          -0.0009711216542200377,
          0.013133218021028561
        ],
        [
          0.01496209232242109,
          0.029086142180552544
        ],
        [
          0.02634295944859332,
          0.03631951376149599
        ],
        [
          0.03772382657476555,
          0.041523758604192176
        ],
        [
          0.049104693700937785,
          0.04572202471156457
        ],
        [
          0.06048556082711002,
          0.04927669557791524
        ],
        [
          0.07186642795328224,
          0.05232926377143405
        ],
        [
          0.08324729507945447,
          0.05502421974605838
        ],
        [
          0.09462816220562673,
          0.057432171048047764
        ],
        [
          0.10600902933179895,
          0.05954800400424742
        ],
        [
          0.11738989645797118,
          0.06152178803142856
        ],
        [
          0.1287707635841434,
          0.06327271911644432
        ],
        [
          0.14015163071031564,
          0.0648751609260386
        ],
        [
          0.15153249783648787,
          0.06624772754596676
        ],
        [
          0.1629133649626601,
          0.06754451334475832
        ],
        [
          0.17429423208883235,
          0.06868459087006074
        ],
        [
          0.18567509921500458,
          0.06974490095736599
        ],
        [
          0.1970559663411768,
          0.07056415968359275
        ],
        [
          0.20843683346734904,
          0.0713794554512577
        ],
        [
          0.21981770059352126,
          0.07202935847061097
        ],
        [
          0.2311985677196935,
          0.07259232412338454
        ],
        [
          0.24257943484586575,
          0.0729860827287201
        ],
        [
          0.25396030197203795,
          0.07337103818574697
        ],
        [
          0.26534116909821015,
          0.07358388946775535
        ],
        [
          0.27672203622438246,
          0.07378620443623302
        ],
        [
          0.28810290335055466,
          0.07381389083470478
        ],
        [
          0.2994837704767269,
          0.07382960571700935
        ],
        [
          0.3108646376028992,
          0.07366857612262664
        ],
        [
          0.3222455047290713,
          0.07349446549515405
        ],
        [
          0.3336263718552436,
          0.07322455948811762
        ],
        [
          0.34500723898141583,
          0.07285833723719912
        ],
        [
          0.3563881061075881,
          0.07239538260095288
        ],
        [
          0.3677689732337603,
          0.07191842565395454
        ],
        [
          0.3791498403599325,
          0.07134444562467525
        ],
        [
          0.39053070748610474,
          0.07067330835121738
        ],
        [
          0.401911574612277,
          0.06998831566023583
        ],
        [
          0.41329244173844926,
          0.06920636127840869
        ],
        [
          0.42467330886462146,
          0.06841104311463912
        ],
        [
          0.43605417599079366,
          0.06751925529039442
        ],
        [
          0.4474350431169659,
          0.06661483152943073
        ],
        [
          0.45881591024313817,
          0.06561472251671134
        ],
        [
          0.47019677736931037,
          0.06460293523375682
        ],
        [
          0.4815776444954826,
          0.06349653191442547
        ],
        [
          0.4929585116216548,
          0.06237962834123733
        ],
        [
          0.5043393787478271,
          0.0611694517680601
        ],
        [
          0.5157202458739993,
          0.059950160831079735
        ],
        [
          0.5271011130001715,
          0.0587224442877939
        ],
        [
          0.5384819801263437,
          0.05740385139675451
        ],
        [
          0.549862847252516,
          0.05607845780041667
        ],
        [
          0.5612437143786883,
          0.05466410344689911
        ],
        [
          0.5726245815048605,
          0.05324473901179551
        ],
        [
          0.5840054486310327,
          0.05182116713098044
        ],
        [
          0.595386315757205,
          0.050394189784687425
        ],
        [
          0.6067671828833772,
          0.04888232392273971
        ],
        [
          0.6181480500095494,
          0.04728693849207945
        ],
        [
          0.6295289171357217,
          0.04577324640323481
        ],
        [
          0.6409097842618938,
          0.04417811128841236
        ],
        [
          0.6522906513880661,
          0.0425844661985608
        ],
        [
          0.6636715185142383,
          0.040911936027271965
        ],
        [
          0.6750523856404106,
          0.03924303652702312
        ],
        [
          0.6864332527665828,
          0.037578592666782026
        ],
        [
          0.697814119892755,
          0.03583899145930684
        ],
        [
          0.7091949870189272,
          0.03418612709342909
        ],
        [
          0.7205758541450995,
          0.032380382599928155
        ],
        [
          0.7319567212712718,
          0.03066291107904119
        ],
        [
          0.743337588397444,
          0.028875073352508433
        ],
        [
          0.7547184555236162,
          0.027491975099473022
        ],
        [
          0.7660993226497884,
          0.027138066909708585
        ],
        [
          0.7774801897759607,
          0.02678361995747188
        ],
        [
          0.7888610569021329,
          0.02541605350944483
        ],
        [
          0.8002419240283052,
          0.024057440493097302
        ],
        [
          0.8116227911544773,
          0.02270823770788805
        ],
        [
          0.8230036582806496,
          0.02144572304070959
        ],
        [
          0.8343845254068218,
          0.020116221089431587
        ],
        [
          0.8457653925329941,
          0.018721176948664348
        ],
        [
          0.8571462596591662,
          0.017413534607668313
        ],
        [
          0.8685271267853385,
          0.01611709288795181
        ],
        [
          0.8799079939115108,
          0.014832105791994243
        ],
        [
          0.891288861037683,
          0.013484160012658467
        ],
        [
          0.9026697281638553,
          0.012223077061285548
        ],
        [
          0.9140505952900274,
          0.010900117885009605
        ]
      ],