{
  "species": "neonHoloTetra05",
  "name": "Neon Holo Tetra 05",
  "params": {
    "thickness": 0.12501631140636166,
    "camber": 0.01,
    "camberPos": 0.4,
    "bodyLength": 0.6356137583756936,
    "bellyBulge": 0.005,
    "headBluntness": 0.9822309701581252,
    "tailNarrow": 0.03
  },
  "geometry": {
    "body": {
      "top": [
        [
          -0.027798800893407312,
          0.0000746299253358741
        ],
        [
          -0.023561375837569364,
          0.0006793240435352537
        ],
        [
          -0.019323950781731408,
          0.002266646103808625
        ],
        [
          -0.015086525725893446,
          0.004458662282281377
        ],
        [
          -0.010849100670055484,
          0.00702861228462874
        ],
        [
          -0.006611675614217528,
          0.009598562286976102
        ],
        [
          -0.002374250558379573,
          0.011790578465448853
        ],
        [
          0.0018631744974583891,
          0.013377900525722226
        ],
        [
          0.016694162192891236,
          0.029702203636081847
        ],
        [
          0.027287724832486128,
          0.03710493522307171
        ],
        [
          0.03788128747208102,
          0.042431528251103315
        ],
        [
          0.04847485011167592,
          0.046728835526534826
        ],
        [
          0.05906841275127081,
          0.05036763642527671
        ],
        [
          0.0696619753908657,
          0.05349270168593684
        ],
        [
          0.0802555380304606,
          0.05625186938938338
        ],
        [
          0.0908491006700555,
          0.058717382952737464
        ],
        [
          0.10144266330965039,
          0.060884010226713206
        ],
        [
          0.11203622594924526,
          0.06290529751120713
        ],
        [
          0.12262978858884016,
          0.0646985686853784
        ],
        [
          0.13322335122843504,
          0.06633991031050601
        ],
        [
          0.14381691386802994,
          0.0677460508828764
        ],
        [
          0.15441047650762482,
          0.06907465490623498
        ],
        [
          0.16500403914721973,
          0.07024291996063413
        ],
        [
          0.17559760178681463,
          0.07132956948523238
        ],
        [
          0.1861911644264095,
          0.07216958285054535
        ],
        [
          0.19678472706600442,
          0.07300554144149517
        ],
        [
          0.2073782897055993,
          0.0736722753824172
        ],
        [
          0.2179718523451942,
          0.07425005774847296
        ],
        [
          0.2285654149847891,
          0.07465471279378924
        ],
        [
          0.239158977624384,
          0.07505036073506449
        ],
        [
          0.24975254026397886,
          0.07526991710592246
        ],
        [
          0.2603461029035738,
          0.0754786930526807
        ],
        [
          0.2709396655431687,
          0.07550879454759167
        ],
        [
          0.2815332281827636,
          0.07552664716427569
        ],
        [
          0.2921267908223585,
          0.0753636604000493
        ],
        [
          0.3027203534619533,
          0.07518728953483154
        ],
        [
          0.31331391610154824,
          0.07491290385489884
        ],
        [
          0.3239074787411431,
          0.07453997042828847
        ],
        [
          0.33450104138073805,
          0.07406806347218221
        ],
        [
          0.34509460402033293,
          0.07358182979280181
        ],
        [
          0.3556881666599278,
          0.0729963251519602
        ],
        [
          0.3662817292995227,
          0.07231141227942997
        ],
        [
          0.3768752919391176,
          0.07161232298014968
        ],
        [
          0.3874688545787125,
          0.07081402553319092
        ],
        [
          0.39806241721830743,
          0.07000205468552179
        ],
        [
          0.40865597985790225,
          0.06909137912014975
        ],
        [
          0.4192495424974972,
          0.06816777486237216
        ],
        [
          0.42984310513709206,
          0.06714626846918369
        ],
        [
          0.44043666777668694,
          0.06611281323776837
        ],
        [
          0.4510302304162819,
          0.06498254985843649
        ],
        [
          0.46162379305587675,
          0.06384154295012728
        ],
        [
          0.47221735569547163,
          0.06260510204642643
        ],
        [
          0.4828109183350665,
          0.06135933561279418
        ],
        [
          0.49340448097466133,
          0.0601049483642056
        ],
        [
          0.5039980436142563,
          0.05875757929929566
        ],
        [
          0.5145916062538511,
          0.05740325196695368
        ],
        [
          0.5251851688934461,
          0.0559579027902224
        ],
        [
          0.535778731533041,
          0.054507427455835075
        ],
        [
          0.5463722941726359,
          0.05305264719553475
        ],
        [
          0.5569658568122308,
          0.051594382570233105
        ],
        [
          0.5675594194518256,
          0.05004926268979066
        ],
        [
          0.5781529820914206,
          0.04841868821759539
        ],
        [
          0.5887465447310155,
          0.04687169979932009
        ],
        [
          0.5993401073706103,
          0.04524138144240487
        ],
        [
          0.6099336700102053,
          0.04361258763210249
        ],
        [
          0.6205272326498001,
          0.041903081091436166
        ],
        [
          0.6311207952893951,
          0.040197289339008
        ],
        [
          0.6417143579289899,
          0.038496056457078445
        ],
        [
          0.6523079205685848,
          0.03671792494499408
        ],
        [
          0.6629014832081798,
          0.0350285398369309
        ],
        [
          0.6734950458477746,
          0.033182732598167744
        ],
        [
          0.6840886084873695,
          0.03142724348429215
        ],
        [
          0.6946821711269644,
          0.029599757885408924
        ],
        [
          0.7052757337665593,
          0.028186388966091096
        ],
        [
          0.7158692964061542,
          0.027826054898947763
        ],
        [
          0.726462859045749,
          0.0274651695870144
        ],
        [
          0.737056421685344,
          0.026067692321313004
        ],
        [
          0.7476499843249389,
          0.024679375924863613
        ],
        [
          0.7582435469645338,
          0.023300687780482783
        ],
        [
          0.7688371096041287,
          0.022010696187704595
        ],
        [
          0.7794306722437235,
          0.02065216531600533
        ],
        [
          0.7900242348833185,
          0.01922657374066825
        ],
        [
          0.8006177975229133,
          0.017890408933608895
        ],
        [
          0.8112113601625082,
          0.016565704249411447
        ],
        [
          0.8218049228021032,
          0.015252719575411505
        ],
        [
          0.832398485441698,
          0.013875317559843416
        ],
        [
          0.8429920480812929,
          0.012586790853576916
        ],
        [
          0.8535856107208878,
          0.011234954343155494
        ]
      ],