{
  "species": "neonHoloTetra09",
  "name": "Neon Holo Tetra 09",
  "params": {
    "thickness": 0.08719017179326621,
    "camber": 0.01,
    "camberPos": 0.4,
    "bodyLength": 0.6155984516742319,
    "bellyBulge": 0.005,
    "headBluntness": 1.0185614875226747,
    "tailNarrow": 0.03
  },
  "geometry": {
    "body": {
      "top": [
        [
          -0.0256638348452514,
          -0.00007795824759523384
        ],
        [
          -0.021559845167423194,
          0.0003407854926266218
        ],
        [
          -0.017455855489594982,
          0.001439987810708993
        ],
        [
          -0.013351865811766762,
          0.0029579338690132197
        ],
        [
          -0.00924787613393855,
          0.004737594764956107
        ],
        [
          -0.005143886456110337,
          0.006517255660898993
        ],
        [
          -0.0010398967782821247,
          0.00803520171920322
        ],
        [
          0.003064092899546088,
          0.009134404037285592
        ],
        [
          0.017428056771944832,
          0.02044265497224158
        ],
        [
          0.027688030966515363,
          0.0255728199693402
        ],
        [
          0.037948005161085895,
          0.029265282830380754
        ],
        [
          0.048207979355656426,
          0.03224497711499748
        ],
        [
          0.05846795355022696,
          0.034768663287684735
        ],
        [
          0.06872792774479748,
          0.03693659342421904
        ],
        [
          0.07898790193936801,
          0.03885114369970575
        ],
        [
          0.08924787613393856,
          0.04056234185177491
        ],
        [
          0.09950785032850909,
          0.042066564677065606
        ],
        [
          0.10976782452307962,
          0.04347014122687965
        ],
        [
          0.12002779871765015,
          0.0447158192359378
        ],
        [
          0.13028777291222066,
          0.04585628777511355
        ],
        [
          0.14054774710679122,
          0.04683388228331816
        ],
        [
          0.15080772130136172,
          0.047757783620777566
        ],
        [
          0.16106769549593228,
          0.04857065206152992
        ],
        [
          0.1713276696905028,
          0.04932700268413187
        ],
        [
          0.18158764388507334,
          0.04991256059566758
        ],
        [
          0.19184761807964387,
          0.050495310622470375
        ],
        [
          0.20210759227421438,
          0.050960874520356664
        ],
        [
          0.21236756646878494,
          0.051364840473038784
        ],
        [
          0.22262754066335547,
          0.05164891774210527
        ],
        [
          0.232887514857926,
          0.05192675769494657
        ],
        [
          0.2431474890524965,
          0.05208265625527419
        ],
        [
          0.25340746324706703,
          0.05223108949557831
        ],
        [
          0.2636674374416376,
          0.05225579272760748
        ],
        [
          0.27392741163620815,
          0.0522720137519751
        ],
        [
          0.2841873858307787,
          0.05216300557952612
        ],
        [
          0.29444736002534916,
          0.052044729070673756
        ],
        [
          0.3047073342199197,
          0.05185857842698921
        ],
        [
          0.3149673084144902,
          0.05160418459920173
        ],
        [
          0.32522728260906075,
          0.05128125273759395
        ],
        [
          0.33548725680363134,
          0.05094839978446509
        ],
        [
          0.3457472309982018,
          0.050546802829291894
        ],
        [
          0.35600720519277235,
          0.05007636681401658
        ],
        [
          0.3662671793873429,
          0.04959611378583897
        ],
        [
          0.3765271535819134,
          0.049047160253441024
        ],
        [
          0.386787127776484,
          0.04848873804790292
        ],
        [
          0.3970471019710545,
          0.04786196395762756
        ],
        [
          0.407307076165625,
          0.04722623689617033
        ],
        [
          0.41756705036019554,
          0.04652271372900642
        ],
        [
          0.42782702455476607,
          0.0458109161284392
        ],
        [
          0.43808699874933665,
          0.04503207999595562
        ],
        [
          0.44834697294390713,
          0.044245804092897585
        ],
        [
          0.45860694713847766,
          0.043393441242783354
        ],
        [
          0.46886692133304814,
          0.04253462057016766
        ],
        [
          0.47912689552761867,
          0.04166983008208671
        ],
        [
          0.48938686972218925,
          0.040740650752826076
        ],
        [
          0.49964684391675973,
          0.03980665290318916
        ],
        [
          0.5099068181113303,
          0.03880962347045209
        ],
        [
          0.5201667923059008,
          0.03780904423234192
        ],
        [
          0.5304267665004714,
          0.03680548388242013
        ],
        [
          0.540686740695042,
          0.03579951064970513
        ],
        [
          0.5509467148896124,
          0.03473339114914833
        ],
        [
          0.561206689084183,
          0.033608095324078484
        ],
        [
          0.5714666632787535,
          0.032540681882507
        ],
        [
          0.581726637473324,
          0.031415563414330584
        ],
        [
          0.5919866116678946,
          0.030291500677195042
        ],
        [
          0.6022465858624652,
          0.02911154530016287
        ],
        [
          0.6125065600570357,
          0.02793416237137216
        ],
        [
          0.6227665342516062,
          0.026759936408105537
        ],
        [
          0.6330265084461767,
          0.025532459025584424
        ],
        [
          0.6432864826407473,
          0.02436643750981083
        ],
        [
          0.6535464568353178,
          0.023092095462893612
        ],
        [
          0.6638064310298883,
          0.021880297681394194
        ],
        [
          0.6740664052244588,
          0.020618643159920694
        ],
        [
          0.6843263794190293,
          0.019643759688587115
        ],
        [
          0.6945863536135999,
          0.019398090772699446
        ],
        [
          0.7048463278081705,
          0.01915204012611818
        ],
        [
          0.7151063020027411,
          0.018188161442615963
        ],
        [
          0.7253662761973115,
          0.017230626555983623
        ],
        [
          0.735626250391882,
          0.016279759123460143
        ],
        [
          0.7458862245864526,
          0.01539031303545621
        ],
        [
          0.7561461987810231,
          0.014453404283034465
        ],
        [
          0.7664061729755937,
          0.013470056762617384
        ],
        [
          0.7766661471701641,
          0.012548636253390805
        ],
        [
          0.7869261213647346,
          0.011635151747783526
        ],
        [
          0.7971860955593052,
          0.0107297832147942
        ],
        [
          0.8074460697538758,
          0.009779806411719962
        ],
        [
          0.8177060439484464,
          0.008891374740821209
        ],
        [
          0.8279660181430168,
          0.007959101756791306
        ]
      ],