{
  "species": "neonHoloTetra02",
  "name": "Neon Holo Tetra 02",
  "params": {
    "thickness": 0.11392889532418342,
    "camber": 0.01,
    "camberPos": 0.4,
    "bodyLength": 0.6291497151448857,
    "bellyBulge": 0.005,
    "headBluntness": 1.018358005527989,
    "tailNarrow": 0.03
  },
  "geometry": {
    "body": {
      "top": [
        [
          -0.027109302948787807,
          -0.00007710362321755402
        ],
        [
          -0.022914971514488576,
          0.0005505307208777426
        ],
        [
          -0.01872064008018933,
          0.0021980708741278954
        ],
        [
          -0.014526308645890093,
          0.004473245371473345
        ],
        [
          -0.010331977211590848,
          0.007140691333878357
        ],
        [
          -0.006137645777291617,
          0.009808137296283367
        ],
        [
          -0.001943314342992379,
          0.012083311793628815
        ],
        [
          0.002251017091306866,
          0.01373085194687897
        ],
        [
          0.016931177111354192,
          0.030679048805350106
        ],
        [
          0.027417005697102287,
          0.03836721729105776
        ],
        [
          0.03790283428285038,
          0.043900484937671964
        ],
        [
          0.04838866286859848,
          0.04836541891148071
        ],
        [
          0.05887449145434657,
          0.05214686481193617
        ],
        [
          0.06936032004009467,
          0.05539508553202117
        ],
        [
          0.07984614862584274,
          0.05826352767246385
        ],
        [
          0.09033197721159086,
          0.060827175342345746
        ],
        [
          0.10081780579733896,
          0.06308059790080825
        ],
        [
          0.11130363438308705,
          0.06518316671979524
        ],
        [
          0.12178946296883514,
          0.06704906920197101
        ],
        [
          0.13227529155458323,
          0.06875727839758623
        ],
        [
          0.14276112014033132,
          0.07022136373944643
        ],
        [
          0.1532469487260794,
          0.07160497103527019
        ],
        [
          0.1637327773118275,
          0.07282215659721727
        ],
        [
          0.17421860589757562,
          0.07395463038841467
        ],
        [
          0.1847044344833237,
          0.07483111140673022
        ],
        [
          0.1951902630690718,
          0.07570338382507553
        ],
        [
          0.20567609165481987,
          0.07640001173319935
        ],
        [
          0.216161920240568,
          0.0770043135186321
        ],
        [
          0.22664774882631608,
          0.07742892006786697
        ],
        [
          0.2371335774120642,
          0.07784417781137205
        ],
        [
          0.24761940599781224,
          0.07807666361453042
        ],
        [
          0.2581052345835604,
          0.07829796001761814
        ],
        [
          0.2685910631693085,
          0.07833380361239066
        ],
        [
          0.27907689175505657,
          0.07835693364435432
        ],
        [
          0.28956272034080466,
          0.07819236380822221
        ],
        [
          0.3000485489265527,
          0.07801390211967385
        ],
        [
          0.31053437751230084,
          0.07773370723727793
        ],
        [
          0.32102020609804893,
          0.07735122601128028
        ],
        [
          0.331506034683797,
          0.07686601650597845
        ],
        [
          0.3419918632695451,
          0.0763659367658016
        ],
        [
          0.3524776918552932,
          0.0757628200307058
        ],
        [
          0.3629635204410413,
          0.07505652382285549
        ],
        [
          0.3734493490267894,
          0.0743355133784398
        ],
        [
          0.3839351776125375,
          0.0735115311358487
        ],
        [
          0.39442100619828563,
          0.0726733567659851
        ],
        [
          0.40490683478403366,
          0.07173273312649898
        ],
        [
          0.41539266336978176,
          0.07077869031997654
        ],
        [
          0.42587849195552985,
          0.06972303127361522
        ],
        [
          0.43636432054127794,
          0.0686549700870354
        ],
        [
          0.4468501491270261,
          0.06748642815061524
        ],
        [
          0.4573359777127741,
          0.06630673510893381
        ],
        [
          0.4678218062985222,
          0.06502798760103659
        ],
        [
          0.4783076348842703,
          0.06373956078142515
        ],
        [
          0.48879346347001834,
          0.062442186099782554
        ],
        [
          0.4992792920557665,
          0.06104830215908943
        ],
        [
          0.5097651206415146,
          0.05964719597580403
        ],
        [
          0.5202509492272628,
          0.058151614860677506
        ],
        [
          0.5307367778130108,
          0.05665071311731706
        ],
        [
          0.5412226063987589,
          0.055145343132459834
        ],
        [
          0.5517084349845071,
          0.0536363565965624
        ],
        [
          0.562194263570255,
          0.05203721978559059
        ],
        [
          0.5726800921560032,
          0.05034938649977226
        ],
        [
          0.5831659207417513,
          0.04874831026441737
        ],
        [
          0.5936517493274993,
          0.04706074281010122
        ],
        [
          0.6041375779132475,
          0.045374757738984445
        ],
        [
          0.6146234064989956,
          0.04360499794597526
        ],
        [
          0.6251092350847437,
          0.0418390938687886
        ],
        [
          0.6355950636704918,
          0.040077921611557
        ],
        [
          0.6460808922562398,
          0.038236933427815714
        ],
        [
          0.656566720841988,
          0.03648805841237266
        ],
        [
          0.6670525494277361,
          0.03457682709405004
        ],
        [
          0.6775383780134842,
          0.03275934029112395
        ],
        [
          0.6880242065992322,
          0.03086712567907099
        ],
        [
          0.6985100351849803,
          0.029404738053481712
        ],
        [
          0.7089958637707284,
          0.029035334167707993
        ],
        [
          0.7194816923564765,
          0.02866535812462066
        ],
        [
          0.7299675209422246,
          0.027219465032869154
        ],
        [
          0.7404533495279727,
          0.02578308034543527
        ],
        [
          0.7509391781137208,
          0.024356689176195063
        ],
        [
          0.7614250066994689,
          0.023022359431587865
        ],
        [
          0.771910835285217,
          0.02161689023965399
        ],
        [
          0.7823966638709651,
          0.020141816268253076
        ],
        [
          0.7928824924567132,
          0.018759561640323993
        ],
        [
          0.8033683210424613,
          0.017389201896898018
        ],
        [
          0.8138541496282093,
          0.016031006784633012
        ],
        [
          0.8243399782139574,
          0.014605950535957615
        ],
        [
          0.8348258067997056,
          0.013273141251128783
        ],
        [
          0.8453116353854536,
          0.011874620383849146
        ]
      ],