{
  "species": "neonHoloTetra13",
  "name": "Neon Holo Tetra 13",
  "params": {
    "thickness": 0.11189551278183937,
    "camber": 0.01,
    "camberPos": 0.4,
    "bodyLength": 0.7143781346803008,
    "bellyBulge": 0.005,
    "headBluntness": 0.9470304505393141,
    "tailNarrow": 0.03
  },
  "geometry": {
    "body": {
      "top": [
        [
          -0.03620033436589875,
          0.0002224721077348807
        ],
        [
          -0.03143781346803009,
          0.0007148225023004271
        ],
        [
          -0.026675292570161414,
          0.0020072422880349863
        ],
        [
          -0.021912771672292733,
          0.0037920124683350916
        ],
        [
          -0.01715025077442406,
          0.005884501645238664
        ],
        [
          -0.012387729876555391,
          0.007976990822142236
        ],
        [
          -0.007625208978686716,
          0.009761761002442342
        ],
        [
          -0.002862688080818042,
          0.011054180788176904
        ],
        [
          0.013806135061722305,
          0.02434084360217742
        ],
        [
          0.025712437306393984,
          0.030363438307237714
        ],
        [
          0.037618739551065664,
          0.03469561200784099
        ],
        [
          0.04952504179573734,
          0.03818972687644772
        ],
        [
          0.06143134404040902,
          0.04114767665822924
        ],
        [
          0.0733376462850807,
          0.04368733571003787
        ],
        [
          0.08524394852975237,
          0.04592907586162449
        ],
        [
          0.09715025077442407,
          0.04793171871196588
        ],
        [
          0.10905655301909575,
          0.049691004172055395
        ],
        [
          0.1209628552637674,
          0.05133195178328242
        ],
        [
          0.1328691575084391,
          0.05278724549362654
        ],
        [
          0.14477545975311076,
          0.05411883604370087
        ],
        [
          0.15668176199778244,
          0.05525892261243654
        ],
        [
          0.16858806424245412,
          0.056335877840300426
        ],
        [
          0.18049436648712583,
          0.057282282840775835
        ],
        [
          0.1924006687317975,
          0.05816223533726491
        ],
        [
          0.20430697097646916,
          0.058841373229008315
        ],
        [
          0.21621327322114087,
          0.05951720966684721
        ],
        [
          0.22811957546581252,
          0.0600552610316983
        ],
        [
          0.24002587771048423,
          0.06052088678223539
        ],
        [
          0.2519321799551559,
          0.06084554985079708
        ],
        [
          0.2638384821998276,
          0.06116287920947959
        ],
        [
          0.27574478444449924,
          0.0613368323527083
        ],
        [
          0.28765108668917094,
          0.061502007924104686
        ],
        [
          0.2995573889338426,
          0.06152170426192139
        ],
        [
          0.3114636911785143,
          0.061531427392050864
        ],
        [
          0.323369993423186,
          0.06139390857312793
        ],
        [
          0.3352762956678576,
          0.06124549223229155
        ],
        [
          0.3471825979125293,
          0.06101727086070363
        ],
        [
          0.359088900157201,
          0.06070881053771865
        ],
        [
          0.37099520240187267,
          0.06031976458502064
        ],
        [
          0.3829015046465444,
          0.059919053614184446
        ],
        [
          0.39480780689121603,
          0.05943751484037597
        ],
        [
          0.40671410913588774,
          0.058875036496259275
        ],
        [
          0.4186204113805594,
          0.058301015507532944
        ],
        [
          0.4305267136252311,
          0.05764621785969331
        ],
        [
          0.4424330158699028,
          0.05698028713806943
        ],
        [
          0.4543393181145744,
          0.05623398965704791
        ],
        [
          0.4662456203592461,
          0.05547716545414252
        ],
        [
          0.4781519226039178,
          0.05464062796554834
        ],
        [
          0.4900582248485894,
          0.05379436156602461
        ],
        [
          0.5019645270932612,
          0.05286927262070563
        ],
        [
          0.5138708293379328,
          0.05193543614407819
        ],
        [
          0.5257771315826045,
          0.05092389597582898
        ],
        [
          0.5376834338272761,
          0.04990476283089443
        ],
        [
          0.5495897360719478,
          0.04887861049804738
        ],
        [
          0.5614960383166195,
          0.047776751072018134
        ],
        [
          0.5734023405612912,
          0.04666922612748532
        ],
        [
          0.585308642805963,
          0.045487589926285085
        ],
        [
          0.5972149450506345,
          0.04430177993594321
        ],
        [
          0.6091212472953063,
          0.04311246481481197
        ],
        [
          0.621027549539978,
          0.04192031267504342
        ],
        [
          0.6329338517846496,
          0.04065744177375292
        ],
        [
          0.6448401540293214,
          0.03932499255062886
        ],
        [
          0.656746456273993,
          0.03806060025974388
        ],
        [
          0.6686527585186647,
          0.036728359569257046
        ],
        [
          0.6805590607633364,
          0.035397360185910096
        ],
        [
          0.692465363008008,
          0.03400064337048445
        ],
        [
          0.7043716652526798,
          0.032606951187513035
        ],
        [
          0.7162779674973514,
          0.031216970900558482
        ],
        [
          0.728184269742023,
          0.029764378675172953
        ],
        [
          0.7400905719866948,
          0.028384045011134472
        ],
        [
          0.7519968742313664,
          0.026876350264110345
        ],
        [
          0.7639031764760381,
          0.02544219379550909
        ],
        [
          0.7758094787207098,
          0.023949416783505824
        ],
        [
          0.7877157809653814,
          0.022793819354441667
        ],
        [
          0.7996220832100531,
          0.02249561760586342
        ],
        [
          0.8115283854547248,
          0.02219696702607994
        ],
        [
          0.8234346876993965,
          0.02105430880329027
        ],
        [
          0.8353409899440681,
          0.019919109488161578
        ],
        [
          0.8472472921887398,
          0.018791749630309322
        ],
        [
          0.8591535944334115,
          0.01773660774326882
        ],
        [
          0.8710598966780831,
          0.016625660218296014
        ],
        [
          0.882966198922755,
          0.015460110932032325
        ],
        [
          0.8948725011674266,
          0.01436737416919348
        ],
        [
          0.9067788034120983,
          0.013283968398409982
        ],
        [
          0.91868510565677,
          0.012210105223579355
        ],
        [
          0.9305914079014416,
          0.011083792549765038
        ],
        [
          0.9424977101461134,
          0.010029843393777006
        ],
        [
          0.954404012390785,
          0.008924346511232016
        ]
      ],