{
  "species": "neonHoloTetra10",
  "name": "Neon Holo Tetra 10",
  "params": {
    "thickness": 0.11609598082205777,
    "camber": 0.01,
    "camberPos": 0.4,
    "bodyLength": 0.6103327035027906,
    "bellyBulge": 0.005,
    "headBluntness": 0.9427036719056195,
    "tailNarrow": 0.03
  },
  "geometry": {
    "body": {
      "top": [
        [
          -0.025102155040297662,
          0.0002406445779963979
        ],
        [
          -0.021033270350279062,
          0.0009014342748198264
        ],
        [
          -0.016964385660260456,
          0.0026360072289813258
        ],
        [
          -0.01289550097024185,
          0.0050313698799662535
        ],
        [
          -0.008826616280223243,
          0.007839726091465824
        ],
        [
          -0.004757731590204643,
          0.010648082302965396
        ],
        [
          -0.0006888469001860367,
          0.013043444953950323
        ],
        [
          0.00338003778983257,
          0.014778017908111823
        ],
        [
          0.01762113420489768,
          0.03261194060305474
        ],
        [
          0.027793345929944188,
          0.04069666553885515
        ],
        [
          0.0379655576549907,
          0.04651265504686178
        ],
        [
          0.04813776938003721,
          0.051203875188117205
        ],
        [
          0.058309981105083716,
          0.055175501379451736
        ],
        [
          0.06848219283013023,
          0.05858573428727575
        ],
        [
          0.07865440455517672,
          0.061596126467990404
        ],
        [
          0.08882661628022326,
          0.06428562313415888
        ],
        [
          0.09899882800526977,
          0.06664850676640022
        ],
        [
          0.10917103973031625,
          0.06885256767373729
        ],
        [
          0.11934325145536279,
          0.07080746013065248
        ],
        [
          0.12951546318040927,
          0.07259632901030842
        ],
        [
          0.13968767490545578,
          0.07412817797251124
        ],
        [
          0.1498598866305023,
          0.07557529756299998
        ],
        [
          0.1600320983555488,
          0.0768472040407778
        ],
        [
          0.17020431008059533,
          0.07802992377178553
        ],
        [
          0.18037652180564182,
          0.0789431276798097
        ],
        [
          0.19054873353068835,
          0.0798519006647581
        ],
        [
          0.20072094525573483,
          0.08057575055913653
        ],
        [
          0.21089315698078137,
          0.08120239711976521
        ],
        [
          0.22106536870582788,
          0.08163985588057876
        ],
        [
          0.2312375804308744,
          0.08206747197653182
        ],
        [
          0.24140979215592087,
          0.08230266103883739
        ],
        [
          0.2515820038809674,
          0.08252606961087842
        ],
        [
          0.2617542156060139,
          0.08255422866202476
        ],
        [
          0.2719264273310604,
          0.0825690025448911
        ],
        [
          0.28209863905610694,
          0.08238616114411397
        ],
        [
          0.2922708507811534,
          0.08218869404123368
        ],
        [
          0.30244306250619996,
          0.0818841195963925
        ],
        [
          0.31261527423124646,
          0.08147185543919945
        ],
        [
          0.322787485956293,
          0.08095143628829833
        ],
        [
          0.3329596976813395,
          0.08041536136889568
        ],
        [
          0.34313190940638594,
          0.07977080643198821
        ],
        [
          0.3533041211314325,
          0.07901762147321964
        ],
        [
          0.363476332856479,
          0.07824894498501117
        ],
        [
          0.3736485445815255,
          0.07737185712011849
        ],
        [
          0.38382075630657203,
          0.07647982741597512
        ],
        [
          0.3939929680316185,
          0.07547993646674447
        ],
        [
          0.40416517975666505,
          0.07446591747082397
        ],
        [
          0.41433739148171156,
          0.07334491426515267
        ],
        [
          0.424509603206758,
          0.07221085376497219
        ],
        [
          0.4346818149318046,
          0.07097100452832716
        ],
        [
          0.44485402665685103,
          0.06971941511918496
        ],
        [
          0.4550262383818976,
          0.06836353860192713
        ],
        [
          0.46519845010694405,
          0.06699747145454639
        ],
        [
          0.4753706618319905,
          0.06562198376621789
        ],
        [
          0.48554287355703707,
          0.06414488862981295
        ],
        [
          0.4957150852820836,
          0.06266018972930901
        ],
        [
          0.5058872970071302,
          0.06107602517311552
        ],
        [
          0.5160595087321767,
          0.05948625892168231
        ],
        [
          0.5262317204572231,
          0.057891788389848
        ],
        [
          0.5364039321822697,
          0.05629351025938896
        ],
        [
          0.5465761439073161,
          0.05460031958391804
        ],
        [
          0.5567483556323627,
          0.052813746961976965
        ],
        [
          0.5669205673574091,
          0.051118514410273236
        ],
        [
          0.5770927790824557,
          0.049332221662624236
        ],
        [
          0.5872649908075023,
          0.04754759488900042
        ],
        [
          0.5974372025325487,
          0.04567476791791839
        ],
        [
          0.6076094142575953,
          0.043806000344339666
        ],
        [
          0.6177816259826417,
          0.04194221455339113
        ],
        [
          0.6279538377076882,
          0.03999439648731903
        ],
        [
          0.6381260494327348,
          0.03814355755109517
        ],
        [
          0.6482982611577812,
          0.03612178569323235
        ],
        [
          0.6584704728828278,
          0.034198710489704194
        ],
        [
          0.6686426846078742,
          0.032196959912844755
        ],
        [
          0.6788148963329208,
          0.030647742322339466
        ],
        [
          0.6889871080579674,
          0.030249246327712937
        ],
        [
          0.6991593197830138,
          0.029850147951044452
        ],
        [
          0.7093315315080604,
          0.02831829623306739
        ],
        [
          0.7195037432331068,
          0.026796455209478605
        ],
        [
          0.7296759549581533,
          0.02528513562073404
        ],
        [
          0.7398481666831999,
          0.023870740684766516
        ],
        [
          0.7500203784082463,
          0.0223814482957303
        ],
        [
          0.7601925901332929,
          0.02081887419170477
        ],
        [
          0.7703648018583393,
          0.01935402269704428
        ],
        [
          0.7805370135833859,
          0.017901694444934974
        ],
        [
          0.7907092253084325,
          0.01646217343164624
        ],
        [
          0.8008814370334789,
          0.014952259281854476
        ],
        [
          0.8110536487585255,
          0.013539465125330318
        ],
        [
          0.8212258604835719,
          0.012057488112491875
        ]
      ],