{
  "species": "neonHoloTetra14",
  "name": "Neon Holo Tetra 14",
  "params": {
    "thickness": 0.1331323606280494,
    "camber": 0.01,
    "camberPos": 0.4,
    "bodyLength": 0.6438998317276127,
    "bellyBulge": 0.005,
    "headBluntness": 0.9912187711169826,
    "tailNarrow": 0.03
  },
  "geometry": {
    "body": {
      "top": [
        [
          -0.028682648717612023,
          0.00003688116130867289
        ],
        [
          -0.024389983172761275,
          0.0007167130672758824
        ],
        [
          -0.02009731762791052,
          0.0025012718204398066
        ],
        [
          -0.015804652083059763,
          0.00496566247957094
        ],
        [
          -0.011511986538209014,
          0.00785494807993158
        ],
        [
          -0.007219320993358265,
          0.010744233680292219
        ],
        [
          -0.002926655448507516,
          0.013208624339423353
        ],
        [
          0.0013660100963432398,
          0.014993183092587277
        ],
        [
          0.016390339503320868,
          0.033347302989845555
        ],
        [
          0.027122003365447747,
          0.04167127906659551
        ],
        [
          0.037853667227574626,
          0.04766114076864067
        ],
        [
          0.048585331089701506,
          0.052493820229425295
        ],
        [
          0.05931699495182838,
          0.056586168948297766
        ],
        [
          0.07004865881395525,
          0.06010094651592374
        ],
        [
          0.08078032267608212,
          0.06320436100555257
        ],
        [
          0.09151198653820902,
          0.065977632621709
        ],
        [
          0.1022436504003359,
          0.06841487908124473
        ],
        [
          0.11297531426246277,
          0.07068872596554251
        ],
        [
          0.12370697812458964,
          0.07270622402453093
        ],
        [
          0.1344386419867165,
          0.07455291414643103
        ],
        [
          0.1451703058488434,
          0.07613517771750311
        ],
        [
          0.15590196971097026,
          0.07763027024075062
        ],
        [
          0.16663363357309716,
          0.07894510047338234
        ],
        [
          0.17736529743522406,
          0.08016817383338845
        ],
        [
          0.1880969612973509,
          0.0811139646381307
        ],
        [
          0.1988286251594778,
          0.08205519683232822
        ],
        [
          0.20956028902160467,
          0.0828061769422032
        ],
        [
          0.22029195288373155,
          0.08345715257566585
        ],
        [
          0.23102361674585845,
          0.08391348851793425
        ],
        [
          0.24175528060798532,
          0.08435969815580648
        ],
        [
          0.25248694447011216,
          0.08460793552251124
        ],
        [
          0.26321860833223903,
          0.0848440529164194
        ],
        [
          0.27395027219436596,
          0.08487929421530503
        ],
        [
          0.28468193605649283,
          0.08490076462080774
        ],
        [
          0.2954135999186197,
          0.08471892499352177
        ],
        [
          0.3061452637807465,
          0.08452203819013011
        ],
        [
          0.31687692764287345,
          0.08421495749482645
        ],
        [
          0.3276085915050003,
          0.08379708375484736
        ],
        [
          0.3383402553671272,
          0.08326793828066008
        ],
        [
          0.3490719192292541,
          0.08272268588018304
        ],
        [
          0.35980358309138094,
          0.08206582735537597
        ],
        [
          0.3705352469535078,
          0.08129720837915438
        ],
        [
          0.3812669108156347,
          0.08051265144863944
        ],
        [
          0.3919985746777616,
          0.07961655901266171
        ],
        [
          0.4027302385398885,
          0.07870509415319549
        ],
        [
          0.4134619024020153,
          0.07768265977319921
        ],
        [
          0.42419356626414223,
          0.07664569021362172
        ],
        [
          0.4349252301262691,
          0.07549865344268648
        ],
        [
          0.4456568939883959,
          0.07433818310059291
        ],
        [
          0.4563885578505229,
          0.07306887547080212
        ],
        [
          0.4671202217126497,
          0.07178748934783336
        ],
        [
          0.4778518855747766,
          0.07039881083846863
        ],
        [
          0.48858354943690346,
          0.06899964803200793
        ],
        [
          0.4993152132990303,
          0.06759079320955706
        ],
        [
          0.5100468771611573,
          0.06607740288145536
        ],
        [
          0.5207785410232841,
          0.0645561896689098
        ],
        [
          0.531510204885411,
          0.062932644463885
        ],
        [
          0.5422418687475379,
          0.061303336137598224
        ],
        [
          0.5529735326096648,
          0.05966918796600715
        ],
        [
          0.5637051964717916,
          0.05803112247088236
        ],
        [
          0.5744368603339185,
          0.05629540930254807
        ],
        [
          0.5851685241960455,
          0.05446362316734259
        ],
        [
          0.5959001880581722,
          0.05272580928130979
        ],
        [
          0.6066318519202991,
          0.05089431108563231
        ],
        [
          0.6173635157824261,
          0.04906452687293955
        ],
        [
          0.6280951796445529,
          0.04714400076667167
        ],
        [
          0.6388268435066798,
          0.045227651038992914
        ],
        [
          0.6495585073688067,
          0.043316426655726895
        ],
        [
          0.6602901712309335,
          0.041318748409704474
        ],
        [
          0.6710218350930605,
          0.03942084397523013
        ],
        [
          0.6817534989551873,
          0.03734708078498375
        ],
        [
          0.6924851628173142,
          0.035374858425279154
        ],
        [
          0.7032168266794411,
          0.03332169347633385
        ],
        [
          0.713948490541568,
          0.031734102316001
        ],
        [
          0.7246801544036948,
          0.031330393500572415
        ],
        [
          0.7354118182658217,
          0.03092606494404666
        ],
        [
          0.7461434821279486,
          0.029356340094699607
        ],
        [
          0.7568751459900754,
          0.02779691442144254
        ],
        [
          0.7676068098522023,
          0.026248313382918803
        ],
        [
          0.7783384737143292,
          0.024799430108987008
        ],
        [
          0.789070137576456,
          0.023273491035734267
        ],
        [
          0.799801801438583,
          0.02167215846253257
        ],
        [
          0.8105334653007098,
          0.020171364605506514
        ],
        [
          0.8212651291628367,
          0.018683454877717626
        ],
        [
          0.8319967930249637,
          0.017208721459455692
        ],
        [
          0.8427284568870904,
          0.01566156636091346
        ],
        [
          0.8534601207492174,
          0.014214329996649374
        ],
        [
          0.8641917846113443,
          0.012695917109363674
        ]
      ],