{
  "species": "neonHoloTetra01",
  "name": "Neon Holo Tetra 01",
  "params": {
    "thickness": 0.10831519788472799,
    "camber": 0.01,
    "camberPos": 0.4,
    "bodyLength": 0.6615661754984467,
    "bellyBulge": 0.005,
    "headBluntness": 0.9620579316990916,
    "tailNarrow": 0.03
  },
  "geometry": {
    "body": {
      "top": [
        [
          -0.03056705871983432,
          0.0001593566868638153
        ],
        [
          -0.026156617549844684,
          0.0007488992273673905
        ],
        [
          -0.02174617637985503,
          0.0022964483961892745
        ],
        [
          -0.01733573520986538,
          0.004433540105514734
        ],
        [
          -0.012925294039875732,
          0.006939095902654928
        ],
        [
          -0.00851485286988609,
          0.009444651699795123
        ],
        [
          -0.004104411699896449,
          0.011581743409120581
        ],
        [
          0.0003060294700931998,
          0.013129292577942465
        ],
        [
          0.015742573565056955,
          0.02904198689679448
        ],
        [
          0.02676867649003107,
          0.03625665392734807
        ],
        [
          0.03779477941500518,
          0.0414472033691109
        ],
        [
          0.04882088233997929,
          0.045634257458051525
        ],
        [
          0.0598469852649534,
          0.049179305100150214
        ],
        [
          0.0708730881899275,
          0.05222348957175238
        ],
        [
          0.08189919111490163,
          0.05491094463430044
        ],
        [
          0.09292529403987573,
          0.05731210353062317
        ],
        [
          0.10395139696484987,
          0.05942186521129825
        ],
        [
          0.11497749988982395,
          0.06138992862824455
        ],
        [
          0.12600360281479808,
          0.06313568924298127
        ],
        [
          0.13702970573977216,
          0.06473332714637517
        ],
        [
          0.1480558086647463,
          0.06610165733534228
        ],
        [
          0.15908191158972038,
          0.06739439377747022
        ],
        [
          0.1701080145146945,
          0.06853080879979746
        ],
        [
          0.18113411743966865,
          0.06958765329988009
        ],
        [
          0.19216022036464273,
          0.07040404150388022
        ],
        [
          0.20318632328961686,
          0.07121647653237018
        ],
        [
          0.21421242621459094,
          0.07186392710493342
        ],
        [
          0.22523852913956507,
          0.07242465492652198
        ],
        [
          0.23626463206453918,
          0.07281659340912497
        ],
        [
          0.24729073498951332,
          0.07319975047507594
        ],
        [
          0.2583168379144874,
          0.0734112282263774
        ],
        [
          0.26934294083946153,
          0.07361219567433677
        ],
        [
          0.28036904376443567,
          0.07363896564443943
        ],
        [
          0.29139514668940975,
          0.07365379365153812
        ],
        [
          0.3024212496143839,
          0.07349231349747515
        ],
        [
          0.31344735253935796,
          0.07331778460246476
        ],
        [
          0.32447345546433204,
          0.07304769681059244
        ],
        [
          0.3354995583893062,
          0.07268153054335764
        ],
        [
          0.3465256613142803,
          0.07221887068661122
        ],
        [
          0.35755176423925444,
          0.07174224308554264
        ],
        [
          0.36857786716422847,
          0.07116883191563043
        ],
        [
          0.3796039700892026,
          0.07049850334617222
        ],
        [
          0.39063007301417674,
          0.06981435356299623
        ],
        [
          0.4016561759391509,
          0.06903348145085968
        ],
        [
          0.412682278864125,
          0.06823927854692358
        ],
        [
          0.42370838178909903,
          0.06734884412975972
        ],
        [
          0.43473448471407317,
          0.06644580496924417
        ],
        [
          0.4457605876390473,
          0.06544731676781068
        ],
        [
          0.4567866905640214,
          0.06443717912539158
        ],
        [
          0.4678127934889955,
          0.06333265901794348
        ],
        [
          0.4788388964139696,
          0.06221766457780948
        ],
        [
          0.48986499933894373,
          0.06100962739358335
        ],
        [
          0.5008911022639179,
          0.059792498345484536
        ],
        [
          0.5119172051888919,
          0.058566964490727944
        ],
        [
          0.522943308113866,
          0.057250778627683324
        ],
        [
          0.5339694110388401,
          0.0559278088477195
        ],
        [
          0.5449955139638143,
          0.05451609792117006
        ],
        [
          0.5560216168887884,
          0.05309938928103851
        ],
        [
          0.5670477198137625,
          0.05167848358179382
        ],
        [
          0.5780738227387366,
          0.050254180823882465
        ],
        [
          0.5890999256637107,
          0.048745199108080346
        ],
        [
          0.6001260285886849,
          0.0471529040019154
        ],
        [
          0.611152131513659,
          0.04564210056748257
        ],
        [
          0.6221782344386331,
          0.04405005515921994
        ],
        [
          0.6332043373636073,
          0.04245949609761789
        ],
        [
          0.6442304402885812,
          0.0407902466921252
        ],
        [
          0.6552565432135554,
          0.03912461899491355
        ],
        [
          0.6662826461385295,
          0.03746343593841309
        ],
        [
          0.6773087490635036,
          0.035727281069853824
        ],
        [
          0.6883348519884778,
          0.034077648922307614
        ],
        [
          0.6993609549134518,
          0.03227551405057674
        ],
        [
          0.710387057838426,
          0.030561434238746733
        ],
        [
          0.7214131607634001,
          0.02877716192892265
        ],
        [
          0.7324392636883742,
          0.027396629943318807
        ],
        [
          0.7434653666133483,
          0.027042747338460335
        ],
        [
          0.7544914695383224,
          0.02668832730113118
        ],
        [
          0.7655175724632965,
          0.025323288778360632
        ],
        [
          0.7765436753882706,
          0.023967181584619933
        ],
        [
          0.7875697783132447,
          0.02262046139170208
        ],
        [
          0.7985958812382189,
          0.021360215316510774
        ],
        [
          0.809621984163193,
          0.020033147323587356
        ],
        [
          0.8206480870881672,
          0.018640698940147953
        ],
        [
          0.8316741900131412,
          0.017335436594364182
        ],
        [
          0.8427002929381152,
          0.016041347219745754
        ],
        [
          0.8537263958630894,
          0.014758684191735661
        ],
        [
          0.8647524987880635,
          0.013413217901617352
        ],
        [
          0.8757786017130377,
          0.01215440000786466
        ],
        [
          0.8868047046380118,
          0.010833858638296763
        ]
      ],