{
  "species": "neonHoloTetra07",
  "name": "Neon Holo Tetra 07",
  "params": {
    "thickness": 0.09931211195281942,
    "camber": 0.01,
    "camberPos": 0.4,
    "bodyLength": 0.6177757620703778,
    "bellyBulge": 0.005,
    "headBluntness": 1.0022344867687207,
    "tailNarrow": 0.03
  },
  "geometry": {
    "body": {
      "top": [
        [
          -0.02589608128750697,
          -0.000009384844428627082
        ],
        [
          -0.02177757620703779,
          0.00043289492849284415
        ],
        [
          -0.0176590711265686,
          0.001593879332411706
        ],
        [
          -0.013540566046099413,
          0.0031971435092520394
        ],
        [
          -0.009422060965630218,
          0.005076832544168292
        ],
        [
          -0.005303555885161036,
          0.0069565215790845444
        ],
        [
          -0.0011850508046918548,
          0.008559785755924879
        ],
        [
          0.0029334542757773335,
          0.00972077015984374
        ],
        [
          0.017348222057419482,
          0.021662444658331934
        ],
        [
          0.027644484758592446,
          0.027078785920227246
        ],
        [
          0.0379407474597654,
          0.030976617140808058
        ],
        [
          0.04823701016093837,
          0.03412161770663265
        ],
        [
          0.05853327286211134,
          0.0367849796356918
        ],
        [
          0.06882953556328429,
          0.03907258980115013
        ],
        [
          0.07912579826445726,
          0.041092578563246974
        ],
        [
          0.08942206096563023,
          0.04289778553321348
        ],
        [
          0.0997183236668032,
          0.04448438386086471
        ],
        [
          0.11001458636797615,
          0.04596467895914796
        ],
        [
          0.12031084906914913,
          0.047278200625276386
        ],
        [
          0.13060711177032205,
          0.04848059938739644
        ],
        [
          0.14090337447149504,
          0.04951096957329334
        ],
        [
          0.151199637172668,
          0.050484628694442056
        ],
        [
          0.16149589987384097,
          0.05134101417153251
        ],
        [
          0.17179216257501395,
          0.05213770517351429
        ],
        [
          0.18208842527618688,
          0.052754003839536635
        ],
        [
          0.19238468797735986,
          0.053367336800038453
        ],
        [
          0.2026809506785328,
          0.0538568970339097
        ],
        [
          0.2129772133797058,
          0.0542813971305168
        ],
        [
          0.22327347608087875,
          0.054579270045217204
        ],
        [
          0.23356973878205173,
          0.05487055506727888
        ],
        [
          0.24386600148322465,
          0.055033044823381214
        ],
        [
          0.25416226418439763,
          0.05518764966150717
        ],
        [
          0.2644585268855706,
          0.05521157008645377
        ],
        [
          0.2747547895867436,
          0.055226531550302986
        ],
        [
          0.28505105228791655,
          0.055109225148603135
        ],
        [
          0.29534731498908945,
          0.05498212947168287
        ],
        [
          0.30564357769026246,
          0.054783344706527126
        ],
        [
          0.3159398403914354,
          0.0545124810609743
        ],
        [
          0.32623610309260836,
          0.05416922711289786
        ],
        [
          0.3365323657937814,
          0.05381549444553895
        ],
        [
          0.34682862849495427,
          0.05338915393072236
        ],
        [
          0.3571248911961273,
          0.05289010516752943
        ],
        [
          0.36742115389730023,
          0.05238068761354599
        ],
        [
          0.3777174165984732,
          0.051798708154780264
        ],
        [
          0.3880136792996462,
          0.05120672782387235
        ],
        [
          0.3983099420008191,
          0.0505425538022735
        ],
        [
          0.40860620470199205,
          0.04986892359618531
        ],
        [
          0.41890246740316506,
          0.04912368671671491
        ],
        [
          0.42919873010433796,
          0.04836971032862587
        ],
        [
          0.43949499280551096,
          0.04754492742135819
        ],
        [
          0.4497912555066839,
          0.04671228658160293
        ],
        [
          0.46008751820785687,
          0.04580984429258518
        ],
        [
          0.4703837809090298,
          0.04490058121081239
        ],
        [
          0.4806800436102027,
          0.0439850127723865
        ],
        [
          0.49097630631137573,
          0.043001436434808395
        ],
        [
          0.5012725690125487,
          0.04201277074569346
        ],
        [
          0.5115688317137217,
          0.04095753070194901
        ],
        [
          0.5218650944148947,
          0.03989854133143613
        ],
        [
          0.5321613571160676,
          0.03883640329187232
        ],
        [
          0.5424576198172406,
          0.037771716750321864
        ],
        [
          0.5527538825184135,
          0.03664350334227052
        ],
        [
          0.5630501452195866,
          0.03545278752796448
        ],
        [
          0.5733464079207595,
          0.03432320745127268
        ],
        [
          0.5836426706219324,
          0.033132678962433326
        ],
        [
          0.5939389333231054,
          0.03194326554336139
        ],
        [
          0.6042351960242783,
          0.030694817966385717
        ],
        [
          0.6145314587254513,
          0.029449087425427067
        ],
        [
          0.6248277214266243,
          0.028206691291316796
        ],
        [
          0.6351239841277972,
          0.02690805067316207
        ],
        [
          0.6454202468289703,
          0.02567432012811169
        ],
        [
          0.6557165095301432,
          0.0243261807565758
        ],
        [
          0.6660127722313162,
          0.0230441010316674
        ],
        [
          0.6763090349324892,
          0.021709362304327903
        ],
        [
          0.6866052976336621,
          0.0206775129643477
        ],
        [
          0.6969015603348351,
          0.02041586462563567
        ],
        [
          0.707197823036008,
          0.020153813100563425
        ],
        [
          0.717494085737181,
          0.01913358708672662
        ],
        [
          0.727790348438354,
          0.018120061431055372
        ],
        [
          0.7380866111395269,
          0.017113577982361745
        ],
        [
          0.7483828738406999,
          0.016171968144178088
        ],
        [
          0.7586791365418728,
          0.015180227941228064
        ],
        [
          0.7689753992430458,
          0.01413943881935485
        ],
        [
          0.7792716619442188,
          0.013164057396310833
        ],
        [
          0.7895679246453917,
          0.012197058030218377
        ],
        [
          0.7998641873465647,
          0.011238630805466113
        ],
        [
          0.8101604500477376,
          0.010233088045200123
        ],
        [
          0.8204567127489106,
          0.009292549640745097
        ],
        [
          0.8307529754500835,
          0.008305705765536166
        ]
      ],