{
  "species": "neonHoloTetra06",
  "name": "Neon Holo Tetra 06",
  "params": {
    "thickness": 0.11053879190279987,
    "camber": 0.01,
    "camberPos": 0.4,
    "bodyLength": 0.6787766188953537,
    "bellyBulge": 0.005,
    "headBluntness": 1.019626274026523,
    "tailNarrow": 0.03
  },
  "geometry": {
    "body": {
      "top": [
        [
          -0.03240283934883773,
          -0.00008243035091139638
        ],
        [
          -0.02787766188953538,
          0.00042131945157453674
        ],
        [
          -0.023352484430233016,
          0.0017436626831001114
        ],
        [
          -0.018827306970930657,
          0.003569755717111619
        ],
        [
          -0.014302129511628292,
          0.005710692377676834
        ],
        [
          -0.00977695205232594,
          0.00785162903824205
        ],
        [
          -0.005251774593023582,
          0.009677722072253559
        ],
        [
          -0.0007265971337212171,
          0.011000065303779134
        ],
        [
          0.01511152397383703,
          0.024603582519683826
        ],
        [
          0.026424467622092926,
          0.030774846373931374
        ],
        [
          0.03773741127034882,
          0.035216550840164805
        ],
        [
          0.04905035491860472,
          0.038800792865523424
        ],
        [
          0.06036329856686061,
          0.04183645595285482
        ],
        [
          0.07167624221511651,
          0.04444414360860058
        ],
        [
          0.0829891858633724,
          0.04674701463618848
        ],
        [
          0.09430212951162831,
          0.04880525253337444
        ],
        [
          0.10561507315988419,
          0.050614498577144604
        ],
        [
          0.11692801680814008,
          0.05230266689121437
        ],
        [
          0.128240960456396,
          0.053800882852381
        ],
        [
          0.13955390410465188,
          0.055172531549175334
        ],
        [
          0.15086684775290776,
          0.056348242365469446
        ],
        [
          0.16217979140116365,
          0.05745936015849017
        ],
        [
          0.17349273504941956,
          0.05843690508960739
        ],
        [
          0.18480567869767547,
          0.05934645893931732
        ],
        [
          0.19611862234593136,
          0.060050548715892535
        ],
        [
          0.20743156599418724,
          0.06075126059987202
        ],
        [
          0.21874450964244313,
          0.06131099726768585
        ],
        [
          0.23005745329069904,
          0.06179663144810801
        ],
        [
          0.24137039693895496,
          0.06213803923207183
        ],
        [
          0.2526833405872108,
          0.06247194350848518
        ],
        [
          0.26399628423546667,
          0.06265915197432693
        ],
        [
          0.27530922788372264,
          0.06283737964087281
        ],
        [
          0.2866221715319785,
          0.06286675978746036
        ],
        [
          0.2979351151802344,
          0.06288593581629352
        ],
        [
          0.3092480588284903,
          0.06275446079747539
        ],
        [
          0.3205610024767462,
          0.06261183594599326
        ],
        [
          0.3318739461250021,
          0.062387558334764774
        ],
        [
          0.343186889773258,
          0.0620811839965628
        ],
        [
          0.35449983342151387,
          0.06169235822641473
        ],
        [
          0.3658127770697698,
          0.061291597357507825
        ],
        [
          0.37712572071802564,
          0.06080813727634863
        ],
        [
          0.38843866436628155,
          0.06024186362784777
        ],
        [
          0.39975160801453746,
          0.05966378008743566
        ],
        [
          0.4110645516627934,
          0.05900304966276605
        ],
        [
          0.4223774953110493,
          0.058330928399819924
        ],
        [
          0.43369043895930515,
          0.05757657964275607
        ],
        [
          0.44500338260756106,
          0.05681146043820532
        ],
        [
          0.4563163262558169,
          0.055964782343148015
        ],
        [
          0.4676292699040728,
          0.055108150083306315
        ],
        [
          0.47894221355232874,
          0.05417087029618716
        ],
        [
          0.4902551572005846,
          0.05322464044582541
        ],
        [
          0.5015681008488405,
          0.052198907827234055
        ],
        [
          0.5128810444970964,
          0.05116540643147152
        ],
        [
          0.5241939881453522,
          0.05012472333226454
        ],
        [
          0.5355069317936082,
          0.0490065802905892
        ],
        [
          0.5468198754418641,
          0.04788264055643905
        ],
        [
          0.55813281909012,
          0.04668287366480049
        ],
        [
          0.5694457627383759,
          0.04547883634811724
        ],
        [
          0.5807587063866317,
          0.04427121274621452
        ],
        [
          0.5920716500348877,
          0.04306068644007114
        ],
        [
          0.6033845936831436,
          0.04177780401815748
        ],
        [
          0.6146975373313995,
          0.04042373232480657
        ],
        [
          0.6260104809796554,
          0.03913929328850572
        ],
        [
          0.6373234246279113,
          0.03778543495595632
        ],
        [
          0.6486363682761672,
          0.03643284667057954
        ],
        [
          0.6599493119244231,
          0.0350130193948517
        ],
        [
          0.671262255572679,
          0.033596286781011474
        ],
        [
          0.6825751992209348,
          0.032183352004861596
        ],
        [
          0.6938881428691906,
          0.03070635563362415
        ],
        [
          0.7052010865174466,
          0.029303290829027596
        ],
        [
          0.7165140301657025,
          0.027769916145315324
        ],
        [
          0.7278269738139584,
          0.026311782374659216
        ],
        [
          0.7391399174622143,
          0.024793670816869545
        ],
        [
          0.7504528611104702,
          0.02362054557407561
        ],
        [
          0.7617658047587261,
          0.023324667327454376
        ],
        [
          0.773078748406982,
          0.02302832985782148
        ],
        [
          0.784391692055238,
          0.021868443403250407
        ],
        [
          0.7957046357034938,
          0.020716188552720796
        ],
        [
          0.8070175793517497,
          0.019571954666728206
        ],
        [
          0.8183305230000056,
          0.018501610817046973
        ],
        [
          0.8296434666482615,
          0.017374169259318183
        ],
        [
          0.8409564102965175,
          0.016190861743586183
        ],
        [
          0.8522693539447733,
          0.015082052582478496
        ],
        [
          0.8635822975930292,
          0.013982790454249756
        ],
        [
          0.874895241241285,
          0.012893291862070793
        ],
        [
          0.8862081848895409,
          0.011750129405609084
        ],
        [
          0.8975211285377969,
          0.010681005902328974
        ],
        [
          0.9088340721860527,
          0.009559141185965079
        ]
      ],