{
  "species": "neonHoloTetra03",
  "name": "Neon Holo Tetra 03",
  "params": {
    "thickness": 0.12986688502345353,
    "camber": 0.01,
    "camberPos": 0.4,
    "bodyLength": 0.7349788550531957,
    "bellyBulge": 0.005,
    "headBluntness": 0.9444286154664587,
    "tailNarrow": 0.03
  },
  "geometry": {
    "body": {
      "top": [
        [
          -0.03839774453900754,
          0.0002333998150408733
        ],
        [
          -0.033497885505319576,
          0.0008466278600153321
        ],
        [
          -0.0285980264716316,
          0.0024563514780732865
        ],
        [
          -0.023698167437943625,
          0.004679303141105699
        ],
        [
          -0.01879830840425565,
          0.007285522332247149
        ],
        [
          -0.013898449370567681,
          0.0098917415233886
        ],
        [
          -0.008998590336879712,
          0.012114693186421013
        ],
        [
          -0.004098731303191737,
          0.01372441680447897
        ],
        [
          0.01305077531471616,
          0.03027440758162508
        ],
        [
          0.025300422898936088,
          0.037776918486357496
        ],
        [
          0.03755007048315601,
          0.043173990705168565
        ],
        [
          0.049799718067375945,
          0.04752725106805066
        ],
        [
          0.06204936565159587,
          0.05121271168585993
        ],
        [
          0.0742990132358158,
          0.054377186417593974
        ],
        [
          0.08654866082003572,
          0.05717059975329664
        ],
        [
          0.09879830840425566,
          0.05966621466694126
        ],
        [
          0.11104795598847558,
          0.06185872516896879
        ],
        [
          0.12329760357269551,
          0.06390384452740137
        ],
        [
          0.13554725115691543,
          0.0657177298298914
        ],
        [
          0.14779689874113536,
          0.06737754143209256
        ],
        [
          0.16004654632535528,
          0.06879883263626548
        ],
        [
          0.1722961939095752,
          0.07014149303366597
        ],
        [
          0.18454584149379516,
          0.07132155163040563
        ],
        [
          0.19679548907801508,
          0.07241884287374623
        ],
        [
          0.209045136662235,
          0.07326601723116621
        ],
        [
          0.22129478424645493,
          0.07410907959000598
        ],
        [
          0.23354443183067486,
          0.0747805290652823
        ],
        [
          0.24579407941489478,
          0.07536177160996194
        ],
        [
          0.2580437269991147,
          0.07576744352275769
        ],
        [
          0.27029337458333463,
          0.07616398121606008
        ],
        [
          0.28254302216755456,
          0.07638194219393979
        ],
        [
          0.2947926697517745,
          0.07658897060575726
        ],
        [
          0.3070423173359944,
          0.07661480296903457
        ],
        [
          0.31929196492021433,
          0.07662821358812391
        ],
        [
          0.3315416125044343,
          0.07645823267640048
        ],
        [
          0.3437912600886542,
          0.07627467877655351
        ],
        [
          0.3560409076728741,
          0.07599172679857549
        ],
        [
          0.36829055525709403,
          0.07560883628934181
        ],
        [
          0.380540202841314,
          0.0751255754570467
        ],
        [
          0.39278985042553394,
          0.0746277857113062
        ],
        [
          0.4050394980097538,
          0.07402932401294131
        ],
        [
          0.41728914559397373,
          0.07333005115445752
        ],
        [
          0.4295387931781937,
          0.07261640180015702
        ],
        [
          0.44178844076241364,
          0.07180214419349323
        ],
        [
          0.45403808834663356,
          0.07097402021615805
        ],
        [
          0.4662877359308535,
          0.07004579852124138
        ],
        [
          0.4785373835150734,
          0.06910446567387699
        ],
        [
          0.49078703109929334,
          0.06806384901790599
        ],
        [
          0.5030366786835132,
          0.06701111489215149
        ],
        [
          0.5152863262677332,
          0.06586020638451073
        ],
        [
          0.5275359738519532,
          0.06469840272662361
        ],
        [
          0.539785621436173,
          0.063439818232514
        ],
        [
          0.552035269020393,
          0.062171776599140034
        ],
        [
          0.5642849166046129,
          0.060894992486977766
        ],
        [
          0.5765345641888329,
          0.0595239143247746
        ],
        [
          0.5887842117730527,
          0.05814577969450713
        ],
        [
          0.6010338593572727,
          0.056675338646821484
        ],
        [
          0.6132835069414926,
          0.055199699097045224
        ],
        [
          0.6255331545257125,
          0.0537196938668002
        ],
        [
          0.6377828021099325,
          0.05223615509740965
        ],
        [
          0.6500324496941524,
          0.05066453530208758
        ],
        [
          0.6622820972783724,
          0.04900625491150337
        ],
        [
          0.6745317448625923,
          0.04743274020804889
        ],
        [
          0.6867813924468121,
          0.045774719547248294
        ],
        [
          0.6990310400310321,
          0.04411824494868104
        ],
        [
          0.711280687615252,
          0.042379918537178964
        ],
        [
          0.723530335199472,
          0.04064535933997619
        ],
        [
          0.7357799827836919,
          0.038915423351696767
        ],
        [
          0.7480296303679118,
          0.03710750347832273
        ],
        [
          0.7602792779521318,
          0.03538958246916532
        ],
        [
          0.7725289255363517,
          0.033513031775159116
        ],
        [
          0.7847785731205716,
          0.03172807384761721
        ],
        [
          0.7970282207047915,
          0.02987010336311884
        ],
        [
          0.8092778682890114,
          0.028432093903803572
        ],
        [
          0.8215275158732314,
          0.028061980566269365
        ],
        [
          0.8337771634574513,
          0.027691308204338003
        ],
        [
          0.8460268110416713,
          0.026269414674358435
        ],
        [
          0.8582764586258912,
          0.02485681129914076
        ],
        [
          0.8705261062101111,
          0.023453972057581447
        ],
        [
          0.882775753794331,
          0.022141081124263048
        ],
        [
          0.8950254013785509,
          0.02075868363093066
        ],
        [
          0.9072750489627709,
          0.019308279019703875
        ],
        [
          0.9195246965469908,
          0.017948563238794523
        ],
        [
          0.9317743441312107,
          0.01660046931516188
        ],
        [
          0.9440239917154307,
          0.015264260803879368
        ],
        [
          0.9562736392996506,
          0.0138627258420107
        ],
        [
          0.9685232868838706,
          0.012551320468853436
        ],
        [
          0.9807729344680904,
          0.011175711812976562
        ]
      ],