{
  "species": "neonHoloTetra02",
  "name": "Neon Holo Tetra 02",
  "params": {
    "thickness": 0.10692145007034416,
    "camber": 0.01,
    "camberPos": 0.4,
    "bodyLength": 0.7101217980289447,
    "bellyBulge": 0.005,
    "headBluntness": 1.0054206302785313,
    "tailNarrow": 0.03
  },
  "geometry": {
    "body": {
      "top": [
        [
          -0.035746325123087445,
          -0.000022766647169831653
        ],
        [
          -0.03101217980289448,
          0.000612644543273869
        ],
        [
          -0.026278034482701516,
          0.002280598918188583
        ],
        [
          -0.021543889162508545,
          0.004583964483546997
        ],
        [
          -0.01680974384231558,
          0.0072844620429327244
        ],
        [
          -0.012075598522122616,
          0.009984959602318452
        ],
        [
          -0.007341453201929651,
          0.012288325167676868
        ],
        [
          -0.00260730788173668,
          0.013956279542591583
        ],
        [
          0.013962200738938692,
          0.031112831290384745
        ],
        [
          0.025797564039421107,
          0.0388946161739435
        ],
        [
          0.03763292733990352,
          0.044494799428563006
        ],
        [
          0.04946829064038594,
          0.04901341157858196
        ],
        [
          0.06130365394086834,
          0.052840066740540446
        ],
        [
          0.07313901724135075,
          0.056126889674034536
        ],
        [
          0.08497438054183316,
          0.05902922829486187
        ],
        [
          0.09680974384231558,
          0.06162299581979281
        ],
        [
          0.10864510714279801,
          0.06390269431837584
        ],
        [
          0.12048047044328039,
          0.06602966988985202
        ],
        [
          0.13231583374376282,
          0.06791704665634578
        ],
        [
          0.14415119704424523,
          0.06964477620168105
        ],
        [
          0.15598656034472763,
          0.07112535702102725
        ],
        [
          0.16782192364521004,
          0.07252446261277044
        ],
        [
          0.17965728694569247,
          0.07375508438422379
        ],
        [
          0.1914926502461749,
          0.07489994474443024
        ],
        [
          0.20332801354665728,
          0.0757856403949739
        ],
        [
          0.2151633768471397,
          0.07666707529793045
        ],
        [
          0.2269987401476221,
          0.07737068932734063
        ],
        [
          0.23883410344810455,
          0.07798083324619981
        ],
        [
          0.2506694667485869,
          0.07840905537409307
        ],
        [
          0.2625048300490694,
          0.07882781285774897
        ],
        [
          0.27434019334955173,
          0.07906153372368628
        ],
        [
          0.2861755566500342,
          0.07928392654474187
        ],
        [
          0.2980109199505166,
          0.07931856866220498
        ],
        [
          0.309846283250999,
          0.07934033968656243
        ],
        [
          0.32168164655148146,
          0.07917208510484064
        ],
        [
          0.3335170098519638,
          0.07898976654053994
        ],
        [
          0.3453523731524462,
          0.07870445423407317
        ],
        [
          0.3571877364529287,
          0.07831558818175813
        ],
        [
          0.3690230997534111,
          0.0778227209719873
        ],
        [
          0.3808584630538935,
          0.077314799274308
        ],
        [
          0.3926938263543759,
          0.07670256387834701
        ],
        [
          0.4045291896548583,
          0.07598587054086467
        ],
        [
          0.41636455295534075,
          0.07525428064671612
        ],
        [
          0.42819991625582315,
          0.07441844305886451
        ],
        [
          0.44003527955630556,
          0.07356823749295376
        ],
        [
          0.45187064285678796,
          0.07261431323640187
        ],
        [
          0.46370600615727037,
          0.07164680353956697
        ],
        [
          0.47554136945775277,
          0.07057641850371993
        ],
        [
          0.4873767327582352,
          0.06949347765611015
        ],
        [
          0.49921209605871764,
          0.06830881102903442
        ],
        [
          0.5110474593592,
          0.06711285512638684
        ],
        [
          0.5228828226596824,
          0.06581661740059007
        ],
        [
          0.5347181859601648,
          0.0645105804293618
        ],
        [
          0.5465535492606473,
          0.0631954847255791
        ],
        [
          0.5583889125611297,
          0.06178268394278175
        ],
        [
          0.5702242758616121,
          0.06036257142854969
        ],
        [
          0.5820596391620946,
          0.058846813369307194
        ],
        [
          0.5938950024625769,
          0.057325668755374336
        ],
        [
          0.6057303657630593,
          0.05580000053518033
        ],
        [
          0.6175657290635418,
          0.054270670952246414
        ],
        [
          0.6294010923640241,
          0.05265007406671388
        ],
        [
          0.6412364556645066,
          0.05093968169245354
        ],
        [
          0.653071818964989,
          0.0493171213516582
        ],
        [
          0.6649071822654713,
          0.04760699810274582
        ],
        [
          0.6767425455659538,
          0.04589847684391243
        ],
        [
          0.6885779088664362,
          0.04410514283340676
        ],
        [
          0.7004132721669186,
          0.042315712313849015
        ],
        [
          0.712248635467401,
          0.04053107224493966
        ],
        [
          0.7240839987678834,
          0.03866562727209696
        ],
        [
          0.7359193620683658,
          0.036893436816752494
        ],
        [
          0.7477547253688482,
          0.03495687834576438
        ],
        [
          0.7595900886693308,
          0.0331152259529507
        ],
        [
          0.7714254519698132,
          0.03119791981906428
        ],
        [
          0.7832608152702955,
          0.02971576654085436
        ],
        [
          0.795096178570778,
          0.029340139866526976
        ],
        [
          0.8069315418712604,
          0.02896393394544042
        ],
        [
          0.8187669051717428,
          0.027498479580348102
        ],
        [
          0.8306022684722252,
          0.026042651435623614
        ],
        [
          0.8424376317727076,
          0.024596940636057028
        ],
        [
          0.85427299507319,
          0.02324443196918177
        ],
        [
          0.8661083583736724,
          0.02181990238544846
        ],
        [
          0.8779437216741549,
          0.020324905568368502
        ],
        [
          0.8897790849746372,
          0.018923878193984767
        ],
        [
          0.9016144482751196,
          0.01753489309038085
        ],
        [
          0.9134498115756021,
          0.016158223346572045
        ],
        [
          0.9252851748760844,
          0.014713864008207695
        ],
        [
          0.9371205381765669,
          0.013362894640714128
        ],
        [
          0.9489559014770493,
          0.011945399476434868
        ]
      ],