{
  "species": "neonHoloTetra12",
  "name": "Neon Holo Tetra 12",
  "params": {
    "thickness": 0.08685064433310181,
    "camber": 0.01,
    "camberPos": 0.4,
    "bodyLength": 0.7229961442400235,
    "bellyBulge": 0.005,
    "headBluntness": 0.9914619406900601,
    "tailNarrow": 0.03
  },
  "geometry": {
    "body": {
      "top": [
        [
          -0.03711958871893584,
          0.000035859849101747555
        ],
        [
          -0.03229961442400236,
          0.0004897438097702326
        ],
        [
          -0.027479640129068873,
          0.001681189206525006
        ],
        [
          -0.022659665834135374,
          0.0033265185639482645
        ],
        [
          -0.017839691539201875,
          0.005255525396789326
        ],
        [
          -0.01301971724426839,
          0.007184532229630387
        ],
        [
          -0.008199742949334905,
          0.008829861587053645
        ],
        [
          -0.0033797686544014063,
          0.010021306983808419
        ],
        [
          0.013490141377865805,
          0.02227494381985303
        ],
        [
          0.025540077115199532,
          0.02783204087397921
        ],
        [
          0.03759001285253325,
          0.03183078641834945
        ],
        [
          0.049639948589866985,
          0.03505694913118678
        ],
        [
          0.061689884327200704,
          0.037788836352694144
        ],
        [
          0.07373982006453443,
          0.04013511313227521
        ],
        [
          0.08578975580186815,
          0.042206746869252264
        ],
        [
          0.09783969153920188,
          0.044057963538888294
        ],
        [
          0.10988962727653562,
          0.045684835885122434
        ],
        [
          0.12193956301386932,
          0.047202615901723956
        ],
        [
          0.13398949875120306,
          0.04854924681643301
        ],
        [
          0.14603943448853676,
          0.04978183927204832
        ],
        [
          0.1580893702258705,
          0.0508378896013788
        ],
        [
          0.17013930596320423,
          0.051835740925786196
        ],
        [
          0.18218924170053796,
          0.05271324167278512
        ],
        [
          0.1942391774378717,
          0.0535294817281332
        ],
        [
          0.2062891131752054,
          0.05416059645573077
        ],
        [
          0.21833904891253914,
          0.05478866766596613
        ],
        [
          0.23038898464987284,
          0.0552897186984196
        ],
        [
          0.24243892038720657,
          0.055724002597056344
        ],
        [
          0.2544888561245403,
          0.056028336969689514
        ],
        [
          0.266538791861874,
          0.05632591060175442
        ],
        [
          0.2785887275992077,
          0.056491309739284276
        ],
        [
          0.2906386633365415,
          0.05664861708058063
        ],
        [
          0.3026885990738752,
          0.0566718112141676
        ],
        [
          0.31473853481120895,
          0.05668581132850406
        ],
        [
          0.32678847054854265,
          0.056564073237387366
        ],
        [
          0.33883840628587636,
          0.05643228902777026
        ],
        [
          0.3508883420232101,
          0.056226934808179384
        ],
        [
          0.3629382777605438,
          0.0559476105593939
        ],
        [
          0.3749882134978776,
          0.05559399668843925
        ],
        [
          0.3870381492352113,
          0.055229629165832725
        ],
        [
          0.399088084972545,
          0.05479074876835062
        ],
        [
          0.4111380207098787,
          0.054277252460834154
        ],
        [
          0.42318795644721247,
          0.05375311531437482
        ],
        [
          0.43523789218454617,
          0.053154512441122986
        ],
        [
          0.44728782792187993,
          0.05254564630073583
        ],
        [
          0.45933776365921364,
          0.051862692308558306
        ],
        [
          0.47138769939654734,
          0.05117003402798325
        ],
        [
          0.4834376351338811,
          0.05040389031462358
        ],
        [
          0.49548757087121476,
          0.049628777792313124
        ],
        [
          0.5075375066085486,
          0.04878100098523637
        ],
        [
          0.5195874423458823,
          0.047925160075438906
        ],
        [
          0.531637378083216,
          0.04699768632102277
        ],
        [
          0.5436873138205497,
          0.046063212815272536
        ],
        [
          0.5557372495578834,
          0.045122268517895914
        ],
        [
          0.5677871852952172,
          0.044111531983763705
        ],
        [
          0.5798371210325509,
          0.04309557256770425
        ],
        [
          0.5918870567698846,
          0.042011292071622096
        ],
        [
          0.6039369925072183,
          0.04092316387689377
        ],
        [
          0.615986928244552,
          0.039831804400820105
        ],
        [
          0.6280368639818859,
          0.038737829557175266
        ],
        [
          0.6400867997192194,
          0.0375786610792256
        ],
        [
          0.6521367354565533,
          0.036355350306196924
        ],
        [
          0.664186671193887,
          0.035194779302033234
        ],
        [
          0.6762366069312207,
          0.03397166076936906
        ],
        [
          0.6882865426685544,
          0.03274968656279314
        ],
        [
          0.7003364784058881,
          0.03146712930665317
        ],
        [
          0.7123864141432219,
          0.030187360373977633
        ],
        [
          0.7244363498805556,
          0.02891101333368671
        ],
        [
          0.7364862856178893,
          0.02757694611095284
        ],
        [
          0.748536221355223,
          0.026309492020610867
        ],
        [
          0.7605861570925567,
          0.024924627335256463
        ],
        [
          0.7726360928298905,
          0.023607555517420248
        ],
        [
          0.7846860285672242,
          0.02223644307179228
        ],
        [
          0.7967359643045578,
          0.021176166986305735
        ],
        [
          0.8087859000418917,
          0.020906299828311558
        ],
        [
          0.8208358357792254,
          0.02063601890547155
        ],
        [
          0.8328857715165592,
          0.019587671109789567
        ],
        [
          0.8449357072538929,
          0.018546199470984473
        ],
        [
          0.8569856429912265,
          0.017511954807027767
        ],
        [
          0.8690355787285603,
          0.016544285856191797
        ],
        [
          0.881085514465894,
          0.015525171259628875
        ],
        [
          0.8931354502032278,
          0.014455720837305017
        ],
        [
          0.9051853859405614,
          0.013453394229409086
        ],
        [
          0.9172353216778951,
          0.012459669600262015
        ],
        [
          0.9292852574152289,
          0.011474742021536668
        ],
        [
          0.9413351931525626,
          0.010441462727048401
        ],
        [
          0.9533851288898965,
          0.009474893321373934
        ],
        [
          0.96543506462723,
          0.008460803518536444
        ]
      ],