{
  "species": "neonHoloTetra03",
  "name": "Neon Holo Tetra 03",
  "params": {
    "thickness": 0.10379863928104753,
    "camber": 0.01,
    "camberPos": 0.4,
    "bodyLength": 0.6040664333308814,
    "bellyBulge": 0.005,
    "headBluntness": 0.988935340586304,
    "tailNarrow": 0.03
  },
  "geometry": {
    "body": {
      "top": [
        [
          -0.02443375288862735,
          0.00004647156953752342
        ],
        [
          -0.02040664333308815,
          0.0004921571093063668
        ],
        [
          -0.016379533777548937,
          0.0016620816511995805
        ],
        [
          -0.012352424222009724,
          0.0032776917328616374
        ],
        [
          -0.008325314666470511,
          0.005171855276879222
        ],
        [
          -0.004298205110931305,
          0.007066018820896806
        ],
        [
          -0.00027109555539209934,
          0.008681628902558865
        ],
        [
          0.0037560140001471204,
          0.009851553444452078
        ],
        [
          0.017850897444534348,
          0.021883520032624715
        ],
        [
          0.027918671333382373,
          0.027339905181673188
        ],
        [
          0.037986445222230394,
          0.03126608703216877
        ],
        [
          0.04805421911107842,
          0.03443364106999445
        ],
        [
          0.058121992999926445,
          0.037115847622036624
        ],
        [
          0.06818976688877446,
          0.039419408941281174
        ],
        [
          0.07825754077762248,
          0.041453288043717604
        ],
        [
          0.08832531466647052,
          0.043270731430982576
        ],
        [
          0.09839308855531854,
          0.044867882784305216
        ],
        [
          0.10846086244416656,
          0.04635791232229571
        ],
        [
          0.11852863633301458,
          0.04767988419253883
        ],
        [
          0.1285964102218626,
          0.04888987745899794
        ],
        [
          0.13866418411071063,
          0.04992651744650596
        ],
        [
          0.14873195799955863,
          0.05090600966680726
        ],
        [
          0.15879973188840668,
          0.05176732517961971
        ],
        [
          0.1688675057772547,
          0.05256848654117112
        ],
        [
          0.17893527966610273,
          0.05318786645906487
        ],
        [
          0.18900305355495076,
          0.05380425783408002
        ],
        [
          0.19907082744379875,
          0.054295923372974224
        ],
        [
          0.2091386013326468,
          0.05472202778027414
        ],
        [
          0.21920637522149483,
          0.05502052991549927
        ],
        [
          0.22927414911034286,
          0.05531239342814568
        ],
        [
          0.23934192299919085,
          0.05547446988937532
        ],
        [
          0.2494096968880389,
          0.05562860071497001
        ],
        [
          0.25947747077688693,
          0.055651040794586236
        ],
        [
          0.269545244665735,
          0.05566445292479821
        ],
        [
          0.279613018554583,
          0.05554457866331763
        ],
        [
          0.289680792443431,
          0.05541483974449192
        ],
        [
          0.299748566332279,
          0.05521285969699166
        ],
        [
          0.30981634022112703,
          0.054938245727068256
        ],
        [
          0.3198841141099751,
          0.0545906840144951
        ],
        [
          0.3299518879988231,
          0.05423256289146405
        ],
        [
          0.3400196618876711,
          0.05380127480564864
        ],
        [
          0.35008743577651913,
          0.05329671858299485
        ],
        [
          0.3601552096653671,
          0.05278171372487737
        ],
        [
          0.3702229835542152,
          0.05219358820043159
        ],
        [
          0.38029075744306323,
          0.05159538479232088
        ],
        [
          0.3903585313319112,
          0.05092443176739871
        ],
        [
          0.4004263052207592,
          0.05024394974082122
        ],
        [
          0.4104940791096073,
          0.049491309635056456
        ],
        [
          0.4205618529984553,
          0.048729862722255754
        ],
        [
          0.43062962688730333,
          0.04789706404604333
        ],
        [
          0.4406974007761513,
          0.04705634692748602
        ],
        [
          0.4507651746649994,
          0.04614529085495458
        ],
        [
          0.4608329485538473,
          0.045227361466285275
        ],
        [
          0.4709007224426953,
          0.044303078166685765
        ],
        [
          0.4809684963315434,
          0.0433102632744204
        ],
        [
          0.49103627022039137,
          0.042312319840165015
        ],
        [
          0.5011040441092395,
          0.04124728939674836
        ],
        [
          0.5111718179980875,
          0.04017848075494495
        ],
        [
          0.5212395918869355,
          0.03910649919782541
        ],
        [
          0.5313073657757835,
          0.03803194951402889
        ],
        [
          0.5413751396646316,
          0.03689338377632323
        ],
        [
          0.5514429135534796,
          0.035691834333790924
        ],
        [
          0.5615106874423277,
          0.034551891403439346
        ],
        [
          0.5715784613311756,
          0.033350530728869864
        ],
        [
          0.5816462352200237,
          0.03215029371064101
        ],
        [
          0.5917140091088717,
          0.030890567943115902
        ],
        [
          0.6017817829977198,
          0.029633580134091182
        ],
        [
          0.6118495568865677,
          0.028379952408450364
        ],
        [
          0.6219173307754158,
          0.02706964708920225
        ],
        [
          0.6319851046642638,
          0.025824751681822477
        ],
        [
          0.6420528785531118,
          0.024464566444999003
        ],
        [
          0.6521206524419599,
          0.02317094954583572
        ],
        [
          0.6621884263308079,
          0.021824268144610404
        ],
        [
          0.6722562002196558,
          0.020782808524620493
        ],
        [
          0.682323974108504,
          0.02051748082383018
        ],
        [
          0.6923917479973519,
          0.02025174683195088
        ],
        [
          0.7024595218862,
          0.019222000043302788
        ],
        [
          0.712527295775048,
          0.018199005208798864
        ],
        [
          0.722595069663896,
          0.017183106809651363
        ],
        [
          0.732662843552744,
          0.016232581578998317
        ],
        [
          0.7427306174415921,
          0.015231539955673442
        ],
        [
          0.7527983913304401,
          0.01418107171317275
        ],
        [
          0.7628661652192881,
          0.013196514840222532
        ],
        [
          0.7729339391081361,
          0.012220404570091504
        ],
        [
          0.7830017129969842,
          0.011252932450909463
        ],
        [
          0.7930694868858321,
          0.010237981983942653
        ],
        [
          0.8031372607746803,
          0.009288536437572971
        ],
        [
          0.8132050346635282,
          0.008292428846066376
        ]
      ],