{
  "species": "neonHoloTetra08",
  "name": "Neon Holo Tetra 08",
  "params": {
    "thickness": 0.12186415182382918,
    "camber": 0.01,
    "camberPos": 0.4,
    "bodyLength": 0.5735233309323666,
    "bellyBulge": 0.005,
    "headBluntness": 1.014665840784728,
    "tailNarrow": 0.03
  },
  "geometry": {
    "body": {
      "top": [
        [
          -0.021175821966119106,
          -0.00006159653129585755
        ],
        [
          -0.017352333093236666,
          0.0005170582014197463
        ],
        [
          -0.01352884422035422,
          0.002036026874798206
        ],
        [
          -0.009705355347471772,
          0.0041336502808922695
        ],
        [
          -0.005881866474589326,
          0.006592932894933587
        ],
        [
          -0.002058377601706886,
          0.009052215508974904
        ],
        [
          0.001765111271175561,
          0.011149838915068967
        ],
        [
          0.005588600144058008,
          0.012668807588447427
        ],
        [
          0.018970811199146558,
          0.02829411099199008
        ],
        [
          0.028529533381352667,
          0.035382024283931744
        ],
        [
          0.03808825556355878,
          0.04048320185816555
        ],
        [
          0.04764697774576489,
          0.044599416863502
        ],
        [
          0.057205699927971,
          0.04808548214532285
        ],
        [
          0.06676442211017711,
          0.051079934313350076
        ],
        [
          0.07632314429238321,
          0.053724245233433325
        ],
        [
          0.08588186647458934,
          0.05608754737100678
        ],
        [
          0.09544058865679544,
          0.058164833884006964
        ],
        [
          0.10499931083900155,
          0.06010303904953694
        ],
        [
          0.11455803302120765,
          0.061823046952347534
        ],
        [
          0.12411675520341375,
          0.06339766770825607
        ],
        [
          0.13367547738561988,
          0.06474721565756458
        ],
        [
          0.143234199567826,
          0.06602256594280831
        ],
        [
          0.1527929217500321,
          0.06714448178833334
        ],
        [
          0.16235164393223822,
          0.0681882966383947
        ],
        [
          0.17191036611444432,
          0.06899609599478101
        ],
        [
          0.18146908829665043,
          0.06980001518381544
        ],
        [
          0.19102781047885653,
          0.07044199688795698
        ],
        [
          0.20058653266106266,
          0.07099885745691674
        ],
        [
          0.21014525484326876,
          0.07139004592738382
        ],
        [
          0.2197039770254749,
          0.0717726151584296
        ],
        [
          0.22926269920768097,
          0.07198667568805674
        ],
        [
          0.2388214213898871,
          0.07219042002105117
        ],
        [
          0.24838014357209323,
          0.07222318399543938
        ],
        [
          0.2579388657542993,
          0.0722442265537543
        ],
        [
          0.26749758793650547,
          0.0720922170507448
        ],
        [
          0.2770563101187115,
          0.07192739979394919
        ],
        [
          0.2866150323009176,
          0.07166878844406743
        ],
        [
          0.2961737544831237,
          0.07131587301829473
        ],
        [
          0.3057324766653299,
          0.07086824606890585
        ],
        [
          0.315291198847536,
          0.07040690933472274
        ],
        [
          0.32484992102974203,
          0.06985057645299675
        ],
        [
          0.3344086432119482,
          0.06919911606464185
        ],
        [
          0.3439673653941543,
          0.068534089715936
        ],
        [
          0.3535260875763604,
          0.067774127328578
        ],
        [
          0.36308480975856655,
          0.06700108034556211
        ],
        [
          0.3726435319407726,
          0.06613357907512857
        ],
        [
          0.3822022541229787,
          0.06525370584865456
        ],
        [
          0.39176097630518486,
          0.06428014635619343
        ],
        [
          0.4013196984873909,
          0.06329515256731315
        ],
        [
          0.41087842066959707,
          0.062217519390564885
        ],
        [
          0.42043714285180317,
          0.06112960532352569
        ],
        [
          0.4299958650340093,
          0.05995036684727974
        ],
        [
          0.4395545872162154,
          0.0587622044178028
        ],
        [
          0.4491133093984214,
          0.05756579240357844
        ],
        [
          0.4586720315806276,
          0.056280402563290435
        ],
        [
          0.4682307537628337,
          0.0549883540930276
        ],
        [
          0.47778947594503984,
          0.05360920336816832
        ],
        [
          0.4873481981272459,
          0.052225147228655525
        ],
        [
          0.496906920309452,
          0.050836971542286585
        ],
        [
          0.5064656424916582,
          0.04944546153491497
        ],
        [
          0.5160243646738643,
          0.047970836440202794
        ],
        [
          0.5255830868560704,
          0.04641443660606156
        ],
        [
          0.5351418090382765,
          0.04493802343663907
        ],
        [
          0.5447005312204826,
          0.04338186868892162
        ],
        [
          0.5542592534026888,
          0.041827172837671366
        ],
        [
          0.5638179755848948,
          0.040195239913974334
        ],
        [
          0.573376697767101,
          0.03856686181201339
        ],
        [
          0.5829354199493071,
          0.03694284626611253
        ],
        [
          0.5924941421315131,
          0.03524524350489209
        ],
        [
          0.6020528643137193,
          0.03363256554309134
        ],
        [
          0.6116115864959254,
          0.0318702013126354
        ],
        [
          0.6211703086781315,
          0.030194265920898484
        ],
        [
          0.6307290308603376,
          0.028449434362430824
        ],
        [
          0.6402877530425437,
          0.02710088675863524
        ],
        [
          0.6498464752247498,
          0.026760028137725274
        ],
        [
          0.6594051974069559,
          0.02641864200977161
        ],
        [
          0.6689639195891621,
          0.02508530173195962
        ],
        [
          0.6785226417713681,
          0.023760727837330343
        ],
        [
          0.6880813639535742,
          0.022445367582224863
        ],
        [
          0.6976400861357804,
          0.02121488442086929
        ],
        [
          0.7071988083179864,
          0.01991881342439024
        ],
        [
          0.7167575305001926,
          0.018558569497546307
        ],
        [
          0.7263162526823987,
          0.017283901436479693
        ],
        [
          0.7358749748646047,
          0.01602020000156664
        ],
        [
          0.745433697046811,
          0.014767713888853938
        ],
        [
          0.754992419229017,
          0.013453584379181522
        ],
        [
          0.7645511414112232,
          0.012224503023279919
        ],
        [
          0.7741098635934293,
          0.010934838114968993
        ]
      ],