{
  "species": "neonHoloTetra11",
  "name": "Neon Holo Tetra 11",
  "params": {
    "thickness": 0.10429413122160479,
    "camber": 0.01,
    "camberPos": 0.4,
    "bodyLength": 0.6730645829712738,
    "bellyBulge": 0.005,
    "headBluntness": 1.0057712340948637,
    "tailNarrow": 0.03
  },
  "geometry": {
    "body": {
      "top": [
        [
          -0.03179355551693588,
          -0.00002423918319842748
        ],
        [
          -0.02730645829712739,
          0.0005079471430201382
        ],
        [
          -0.022819361077318905,
          0.001904936249343873
        ],
        [
          -0.018332263857510404,
          0.0038341116818861733
        ],
        [
          -0.013845166637701904,
          0.006095903568315076
        ],
        [
          -0.009358069417893418,
          0.008357695454743982
        ],
        [
          -0.004870972198084925,
          0.010286870887286283
        ],
        [
          -0.0003838749782764314,
          0.011683859993610017
        ],
        [
          0.015320965291053291,
          0.026053421267841867
        ],
        [
          0.026538708340574525,
          0.032571180729850976
        ],
        [
          0.03775645139009575,
          0.037261747700385574
        ],
        [
          0.04897419443961699,
          0.04104644873503762
        ],
        [
          0.06019193748913822,
          0.044251603716810084
        ],
        [
          0.07140968053865945,
          0.047004624183544765
        ],
        [
          0.08262742358818068,
          0.04943562121581031
        ],
        [
          0.09384516663770191,
          0.0516081756515776
        ],
        [
          0.10506290968722315,
          0.05351768271923914
        ],
        [
          0.11628065273674437,
          0.05529927725604081
        ],
        [
          0.1274983957862656,
          0.05688019668716656
        ],
        [
          0.13871613883578682,
          0.05832740417019143
        ],
        [
          0.14993388188530807,
          0.059567613138723816
        ],
        [
          0.1611516249348293,
          0.06073958282738835
        ],
        [
          0.1723693679843505,
          0.061770439506562594
        ],
        [
          0.18358711103387176,
          0.06272946702838293
        ],
        [
          0.194804854083393,
          0.06347143209238817
        ],
        [
          0.20602259713291424,
          0.06420982858278401
        ],
        [
          0.21724034018243543,
          0.06479929184877196
        ],
        [
          0.22845808323195668,
          0.06531046956440531
        ],
        [
          0.23967582628147793,
          0.06566927934719557
        ],
        [
          0.25089356933099916,
          0.06602016205170741
        ],
        [
          0.2621113123805203,
          0.06621606801158432
        ],
        [
          0.2733290554300416,
          0.06640248620876596
        ],
        [
          0.2845467984795628,
          0.066431654488583
        ],
        [
          0.2957645415290841,
          0.06645004263128984
        ],
        [
          0.3069822845786053,
          0.06630927552034724
        ],
        [
          0.3182000276281265,
          0.06615672917206473
        ],
        [
          0.32941777067764777,
          0.06591792079048599
        ],
        [
          0.340635513727169,
          0.06559238134656838
        ],
        [
          0.3518532567766902,
          0.06517973611235109
        ],
        [
          0.3630709998262115,
          0.06475448204666592
        ],
        [
          0.37428874287573266,
          0.06424186042325164
        ],
        [
          0.3855064859252539,
          0.06364175043170874
        ],
        [
          0.39672422897477516,
          0.06302916388343416
        ],
        [
          0.4079419720242964,
          0.06232926505932471
        ],
        [
          0.4191597150738176,
          0.06161733238756906
        ],
        [
          0.43037745812333883,
          0.06081853050456463
        ],
        [
          0.44159520117286005,
          0.0600083501855757
        ],
        [
          0.4528129442223813,
          0.05911200700142049
        ],
        [
          0.4640306872719025,
          0.058205147742894564
        ],
        [
          0.4752484303214238,
          0.057213088428609594
        ],
        [
          0.486466173370945,
          0.05621157382272353
        ],
        [
          0.4976839164204662,
          0.05512606854142771
        ],
        [
          0.5089016594699874,
          0.05403235593784308
        ],
        [
          0.5201194025195086,
          0.05293105622583034
        ],
        [
          0.5313371455690299,
          0.05174792398106443
        ],
        [
          0.5425548886185512,
          0.050558667822289675
        ],
        [
          0.5537726316680724,
          0.04928930408595915
        ],
        [
          0.5649903747175936,
          0.048015428860383944
        ],
        [
          0.5762081177671148,
          0.04673776490487513
        ],
        [
          0.5874258608166361,
          0.04545703438835068
        ],
        [
          0.5986436038661573,
          0.04409986327524198
        ],
        [
          0.6098613469156786,
          0.04266748427789112
        ],
        [
          0.6210790899651998,
          0.04130866867998466
        ],
        [
          0.632296833014721,
          0.03987651508758794
        ],
        [
          0.6435145760642422,
          0.03844570323614192
        ],
        [
          0.6547323191137634,
          0.0369438567737105
        ],
        [
          0.6659500621632848,
          0.03544527966589266
        ],
        [
          0.677167805212806,
          0.0339507147825522
        ],
        [
          0.6883855482623271,
          0.032388472046489786
        ],
        [
          0.6996032913118484,
          0.030904334291606578
        ],
        [
          0.7108210343613696,
          0.029282530704410684
        ],
        [
          0.7220387774108908,
          0.027740215357017747
        ],
        [
          0.7332565204604121,
          0.026134536494578618
        ],
        [
          0.7444742635099333,
          0.02489331832009855
        ],
        [
          0.7556920065594546,
          0.024578867468951496
        ],
        [
          0.7669097496089757,
          0.02426393147179289
        ],
        [
          0.778127492658497,
          0.023036699411119996
        ],
        [
          0.7893452357080183,
          0.021817529756224616
        ],
        [
          0.8005629787575395,
          0.020606833846884307
        ],
        [
          0.8117807218070607,
          0.01947419904401916
        ],
        [
          0.8229984648565819,
          0.018281243384785685
        ],
        [
          0.8342162079061032,
          0.017029268151145048
        ],
        [
          0.8454339509556243,
          0.015855996681677007
        ],
        [
          0.8566516940051456,
          0.014692811172201526
        ],
        [
          0.8678694370546669,
          0.013539940347427837
        ],
        [
          0.8790871801041881,
          0.012330376349490824
        ],
        [
          0.8903049231537093,
          0.011199030781211424
        ],
        [
          0.9015226662032305,
          0.010011966774348315
        ]
      ],