{
  "species": "neonHoloTetra14",
  "name": "Neon Holo Tetra 14",
  "params": {
    "thickness": 0.13288824919698528,
    "camber": 0.01,
    "camberPos": 0.4,
    "bodyLength": 0.6935330939778729,
    "bellyBulge": 0.005,
    "headBluntness": 0.9663297878473531,
    "tailNarrow": 0.03
  },
  "geometry": {
    "body": {
      "top": [
        [
          -0.03397686335763978,
          0.00014141489104111687
        ],
        [
          -0.029353309397787304,
          0.0008109410098849536
        ],
        [
          -0.024729755437934813,
          0.0025684470718500244
        ],
        [
          -0.02010620147808232,
          0.004995479252658932
        ],
        [
          -0.01548264751822983,
          0.007840965257745238
        ],
        [
          -0.010859093558377345,
          0.010686451262831544
        ],
        [
          -0.00623553959852486,
          0.013113483443640451
        ],
        [
          -0.0016119856386723752,
          0.014870989505605524
        ],
        [
          0.014570453220811328,
          0.03294374572513668
        ],
        [
          0.026129338120442543,
          0.04113840825026225
        ],
        [
          0.037688223020073755,
          0.047034339979559164
        ],
        [
          0.04924710791970498,
          0.05179063155959903
        ],
        [
          0.060805992819336185,
          0.05581781530586045
        ],
        [
          0.07236487771896741,
          0.05927618348483826
        ],
        [
          0.08392376261859862,
          0.06232942456897159
        ],
        [
          0.09548264751822984,
          0.06505752751998735
        ],
        [
          0.10704153241786105,
          0.06745469922613007
        ],
        [
          0.11860041731749227,
          0.06969094838293445
        ],
        [
          0.1301593022171235,
          0.07167473478744218
        ],
        [
          0.14171818711675468,
          0.07349030258646423
        ],
        [
          0.1532770720163859,
          0.07504545236046986
        ],
        [
          0.1648359569160171,
          0.07651475254016656
        ],
        [
          0.17639484181564835,
          0.07780652308238886
        ],
        [
          0.18795372671527957,
          0.07900792772347144
        ],
        [
          0.19951261161491077,
          0.07993625322334368
        ],
        [
          0.211071496514542,
          0.08086008921809186
        ],
        [
          0.22263038141417318,
          0.08159655722010482
        ],
        [
          0.2341892663138044,
          0.08223453674522867
        ],
        [
          0.24574815121343563,
          0.08268082718386745
        ],
        [
          0.2573070361130669,
          0.08311714482596476
        ],
        [
          0.268865921012698,
          0.08335849132123885
        ],
        [
          0.28042480591232927,
          0.0835879015742216
        ],
        [
          0.2919836908119605,
          0.08361948087651135
        ],
        [
          0.3035425757115917,
          0.08363749804275135
        ],
        [
          0.31510146061122296,
          0.08345528721736543
        ],
        [
          0.3266603455108541,
          0.08325825732078097
        ],
        [
          0.33821923041048535,
          0.08295270399638358
        ],
        [
          0.34977811531011654,
          0.08253803717415631
        ],
        [
          0.3613370002097478,
          0.08201378542117262
        ],
        [
          0.37289588510937904,
          0.08147367091189484
        ],
        [
          0.3844547700090102,
          0.08082364215086456
        ],
        [
          0.39601365490864143,
          0.08006354715049036
        ],
        [
          0.4075725398082726,
          0.0792877558043185
        ],
        [
          0.4191314247079039,
          0.07840211975472763
        ],
        [
          0.43069030960753507,
          0.0775013443170834
        ],
        [
          0.44224919450716627,
          0.07649128158100803
        ],
        [
          0.4538080794067975,
          0.07546690400874108
        ],
        [
          0.4653669643064287,
          0.07433412776882488
        ],
        [
          0.4769258492060599,
          0.07318812160150913
        ],
        [
          0.48848473410569115,
          0.07193492804540239
        ],
        [
          0.5000436190053223,
          0.07066983909782026
        ],
        [
          0.5116025039049535,
          0.0692990842431005
        ],
        [
          0.5231613888045847,
          0.06791800402606409
        ],
        [
          0.5347202737042159,
          0.0665273787173768
        ],
        [
          0.5462791586038472,
          0.06503380258986878
        ],
        [
          0.5578380435034784,
          0.06353252216749923
        ],
        [
          0.5693969284031097,
          0.061930461035726636
        ],
        [
          0.5809558133027408,
          0.0603227241476721
        ],
        [
          0.592514698202372,
          0.05871022078306072
        ],
        [
          0.6040735831020033,
          0.05709385947886346
        ],
        [
          0.6156324680016345,
          0.055381330773453856
        ],
        [
          0.6271913529012658,
          0.05357418550169826
        ],
        [
          0.6387502378008969,
          0.05185958792403492
        ],
        [
          0.6503091227005281,
          0.05005272622684084
        ],
        [
          0.6618680076001594,
          0.0482475525298207
        ],
        [
          0.6734268924997906,
          0.0463530125243225
        ],
        [
          0.6849857773994219,
          0.04446258558636799
        ],
        [
          0.696544662299053,
          0.04257720629610739
        ],
        [
          0.7081035471986842,
          0.04060668372457051
        ],
        [
          0.7196624320983155,
          0.03873442246178026
        ],
        [
          0.7312213169979467,
          0.03668896834178031
        ],
        [
          0.7427802018975779,
          0.034743515762720265
        ],
        [
          0.7543390867972091,
          0.032718347628759324
        ],
        [
          0.7658979716968403,
          0.031151695502930784
        ],
        [
          0.7774568565964716,
          0.030750978874677603
        ],
        [
          0.7890157414961028,
          0.03034965190017879
        ],
        [
          0.800574626395734,
          0.028800595244270647
        ],
        [
          0.8121335112953652,
          0.027261681635981024
        ],
        [
          0.8236923961949963,
          0.025733428568359317
        ],
        [
          0.8352512810946277,
          0.024303381612161647
        ],
        [
          0.8468101659942588,
          0.022797446969903747
        ],
        [
          0.85836905089389,
          0.021217261741635088
        ],
        [
          0.8699279357935212,
          0.019736091131309155
        ],
        [
          0.8814868206931524,
          0.018267609335625677
        ],
        [
          0.8930457055927837,
          0.016812104105620913
        ],
        [
          0.9046045904924149,
          0.015285275058518689
        ],
        [
          0.9161634753920461,
          0.013856850045963593
        ],
        [
          0.9277223602916773,
          0.012358327497836585
        ]
      ],