{
  "species": "neonHoloTetra15",
  "name": "Neon Holo Tetra 15",
  "params": {
    "thickness": 0.09962826053965401,
    "camber": 0.01,
    "camberPos": 0.4,
    "bodyLength": 0.6879818734450964,
    "bellyBulge": 0.005,
    "headBluntness": 0.960173982543347,
    "tailNarrow": 0.03
  },
  "geometry": {
    "body": {
      "top": [
        [
          -0.033384733167476956,
          0.00016726927331794277
        ],
        [
          -0.028798187344509653,
          0.0007118137234239858
        ],
        [
          -0.024211641521542336,
          0.0021412429049523485
        ],
        [
          -0.019625095698575026,
          0.004115216536586754
        ],
        [
          -0.01503854987560771,
          0.006429530449537436
        ],
        [
          -0.010452004052640407,
          0.008743844362488118
        ],
        [
          -0.005865458229673097,
          0.010717817994122527
        ],
        [
          -0.0012789124067057803,
          0.01214724717565089
        ],
        [
          0.014773997973679797,
          0.026844773704550188
        ],
        [
          0.02624036253109807,
          0.033508168408682384
        ],
        [
          0.03770672708851634,
          0.038301940611278826
        ],
        [
          0.04917309164593462,
          0.04216881138175848
        ],
        [
          0.06063945620335289,
          0.04544267821521697
        ],
        [
          0.07210582076077116,
          0.04825391132673331
        ],
        [
          0.08357218531818944,
          0.050735643161337406
        ],
        [
          0.09503854987560773,
          0.052952930994544276
        ],
        [
          0.10650491443302601,
          0.054901063125396346
        ],
        [
          0.11797127899044427,
          0.056718312414380447
        ],
        [
          0.12943764354786255,
          0.05833022663613963
        ],
        [
          0.1409040081052808,
          0.059805323928067936
        ],
        [
          0.1523703726626991,
          0.06106861590540276
        ],
        [
          0.16383673722011735,
          0.062262083989674956
        ],
        [
          0.17530310177753564,
          0.06331116221954843
        ],
        [
          0.18676946633495392,
          0.06428674331680896
        ],
        [
          0.19823583089237218,
          0.06504022145706673
        ],
        [
          0.20970219544979046,
          0.06579004815635718
        ],
        [
          0.22116856000720872,
          0.06638748318981141
        ],
        [
          0.232634924564627,
          0.06690481477101799
        ],
        [
          0.2441012891220453,
          0.06726624021913512
        ],
        [
          0.25556765367946355,
          0.06761955451093457
        ],
        [
          0.2670340182368818,
          0.06781429327753014
        ],
        [
          0.2785003827943001,
          0.0679993239620779
        ],
        [
          0.2899667473517184,
          0.0680234531623862
        ],
        [
          0.30143311190913663,
          0.06803655189545858
        ],
        [
          0.3128994764665549,
          0.0678867995633865
        ],
        [
          0.32436584102397314,
          0.06772499446331962
        ],
        [
          0.33583220558139143,
          0.0674749242027776
        ],
        [
          0.3472985701388097,
          0.06713610886119603
        ],
        [
          0.358764934696228,
          0.0667081650088975
        ],
        [
          0.3702312992536463,
          0.06626731953011984
        ],
        [
          0.3816976638110645,
          0.06573707769458356
        ],
        [
          0.3931640283684828,
          0.06511731588649972
        ],
        [
          0.4046303929259011,
          0.06448478779828058
        ],
        [
          0.41609675748331937,
          0.0637629199189213
        ],
        [
          0.42756312204073765,
          0.06302873874884725
        ],
        [
          0.4390294865981559,
          0.06220567114080941
        ],
        [
          0.45049585115557417,
          0.061370960873310024
        ],
        [
          0.46196221571299245,
          0.060448086916290625
        ],
        [
          0.4734285802704107,
          0.059514452686687425
        ],
        [
          0.484894944827829,
          0.05849363993477613
        ],
        [
          0.49636130938524725,
          0.057463152325936254
        ],
        [
          0.5078276739426656,
          0.05634672365867045
        ],
        [
          0.5192940385000838,
          0.05522189708341184
        ],
        [
          0.530760403057502,
          0.054089307216269644
        ],
        [
          0.5422267676149204,
          0.052872984548502006
        ],
        [
          0.5536931321723386,
          0.05165039576072685
        ],
        [
          0.565159496729757,
          0.0503458391834382
        ],
        [
          0.5766258612871752,
          0.04903666635370398
        ],
        [
          0.5880922258445934,
          0.0477236168143351
        ],
        [
          0.5995585904020118,
          0.04640742950403957
        ],
        [
          0.61102495495943,
          0.04501302653771895
        ],
        [
          0.6224913195168483,
          0.04354166925305033
        ],
        [
          0.6339576840742666,
          0.042145583614654585
        ],
        [
          0.6454240486316848,
          0.040674456969163914
        ],
        [
          0.6568904131891031,
          0.03920470322175837
        ],
        [
          0.6683567777465214,
          0.03766226533860585
        ],
        [
          0.6798231423039397,
          0.03612317272913392
        ],
        [
          0.6912895068613579,
          0.0345881855137018
        ],
        [
          0.7027558714187762,
          0.0329839488694903
        ],
        [
          0.7142222359761945,
          0.03145963091527782
        ],
        [
          0.7256886005336127,
          0.02979445033220419
        ],
        [
          0.7371549650910311,
          0.028210603818987174
        ],
        [
          0.7486213296484493,
          0.026561922399727423
        ],
        [
          0.7600876942058675,
          0.02528616496429138
        ],
        [
          0.7715540587632859,
          0.02495869570838546
        ],
        [
          0.7830204233207041,
          0.024630730040687155
        ],
        [
          0.7944867878781224,
          0.02336928349652554
        ],
        [
          0.8059531524355407,
          0.022116086578677776
        ],
        [
          0.8174195169929589,
          0.020871560178816476
        ],
        [
          0.8288858815503772,
          0.01970690757541707
        ],
        [
          0.8403522461077955,
          0.01848053337951751
        ],
        [
          0.8518186106652138,
          0.01719376909069805
        ],
        [
          0.863284975222632,
          0.01598753617946427
        ],
        [
          0.8747513397800503,
          0.014791623438568127
        ],
        [
          0.8862177043374686,
          0.013606264904032125
        ],
        [
          0.8976840688948868,
          0.012362896700167813
        ],
        [
          0.9091504334523052,
          0.011199563269216038
        ],
        [
          0.9206167980097234,
          0.009979217538239719
        ]
      ],