{
  "species": "neonHoloTetra01",
  "name": "Neon Holo Tetra 01",
  "params": {
    "thickness": 0.1174694478491263,
    "camber": 0.01,
    "camberPos": 0.4,
    "bodyLength": 0.7179106072358262,
    "bellyBulge": 0.005,
    "headBluntness": 0.9536185705318349,
    "tailNarrow": 0.03
  },
  "geometry": {
    "body": {
      "top": [
        [
          -0.03657713143848813,
          0.00019480200376629362
        ],
        [
          -0.03179106072358263,
          0.000768749672072817
        ],
        [
          -0.027004990008677114,
          0.0022753623013774408
        ],
        [
          -0.022218919293771608,
          0.004355922598988588
        ],
        [
          -0.017432848578866095,
          0.006795200189291312
        ],
        [
          -0.012646777863960589,
          0.009234477779594037
        ],
        [
          -0.007860707149055082,
          0.011315038077205183
        ],
        [
          -0.003074636434149569,
          0.01282165070650981
        ],
        [
          0.013676611068019706,
          0.028312234151027314
        ],
        [
          0.025641787855283475,
          0.03533487484671257
        ],
        [
          0.037606964642547244,
          0.040386940917753536
        ],
        [
          0.04957214142981102,
          0.04446205659363425
        ],
        [
          0.06153731821707478,
          0.04791214849618737
        ],
        [
          0.07350249500433856,
          0.05087462630968503
        ],
        [
          0.08546767179160232,
          0.053489811097698764
        ],
        [
          0.09743284857886611,
          0.0558262729679231
        ],
        [
          0.10939802536612989,
          0.05787904580642952
        ],
        [
          0.12136320215339363,
          0.05979386865408245
        ],
        [
          0.1333283789406574,
          0.06149226916370154
        ],
        [
          0.14529355572792116,
          0.06304646517753336
        ],
        [
          0.15725873251518496,
          0.06437741923853252
        ],
        [
          0.1692239093024487,
          0.06563477919604285
        ],
        [
          0.1811890860897125,
          0.06673995282561772
        ],
        [
          0.19315426287697626,
          0.0677676607719372
        ],
        [
          0.20511943966424004,
          0.06856127309158944
        ],
        [
          0.21708461645150381,
          0.06935103680709427
        ],
        [
          0.22904979323876756,
          0.06998018031747347
        ],
        [
          0.24101497002603134,
          0.07052489511017518
        ],
        [
          0.2529801468132951,
          0.07090528546334958
        ],
        [
          0.2649453236005589,
          0.0712771266902683
        ],
        [
          0.2769105003878226,
          0.07148182994906789
        ],
        [
          0.28887567717508644,
          0.0716763009282915
        ],
        [
          0.3008408539623502,
          0.07170118238789308
        ],
        [
          0.312806030749614,
          0.07171443777922945
        ],
        [
          0.32477120753687777,
          0.07155604880048237
        ],
        [
          0.3367363843241415,
          0.07138495625256672
        ],
        [
          0.34870156111140527,
          0.0711208325792076
        ],
        [
          0.36066673789866904,
          0.07076317194605308
        ],
        [
          0.3726319146859328,
          0.0703115702197598
        ],
        [
          0.3845970914731966,
          0.06984637023085709
        ],
        [
          0.3965622682604603,
          0.06928694684016096
        ],
        [
          0.4085274450477241,
          0.06863316975712523
        ],
        [
          0.4204926218349879,
          0.06796593706598412
        ],
        [
          0.4324577986222517,
          0.0672045405929848
        ],
        [
          0.4444229754095155,
          0.06643016596091408
        ],
        [
          0.4563881521967792,
          0.06556210537941635
        ],
        [
          0.46835332898404297,
          0.06468177348150078
        ],
        [
          0.48031850577130675,
          0.06370851740812172
        ],
        [
          0.49228368255857047,
          0.06272392005055805
        ],
        [
          0.5042488593458343,
          0.0616474368798245
        ],
        [
          0.516214036133098,
          0.06056075644865742
        ],
        [
          0.5281792129203619,
          0.05938349448629348
        ],
        [
          0.5401443897076256,
          0.05819738116255733
        ],
        [
          0.5521095664948893,
          0.05700308536028505
        ],
        [
          0.5640747432821531,
          0.05572053552168864
        ],
        [
          0.5760399200694168,
          0.054431381217713994
        ],
        [
          0.5880050968566807,
          0.05305583319205448
        ],
        [
          0.5999702736439445,
          0.05167541965481561
        ],
        [
          0.6119354504312082,
          0.05029092008115663
        ],
        [
          0.6239006272184721,
          0.048903113309514655
        ],
        [
          0.6358658040057358,
          0.04743286754984899
        ],
        [
          0.6478309807929996,
          0.04588151224701684
        ],
        [
          0.6597961575802633,
          0.0444094929577268
        ],
        [
          0.671761334367527,
          0.04285838074766399
        ],
        [
          0.6837265111547909,
          0.04130871556668139
        ],
        [
          0.6956916879420546,
          0.03968244159788225
        ],
        [
          0.7076568647293184,
          0.038059693534137226
        ],
        [
          0.7196220415165822,
          0.03644127253925899
        ],
        [
          0.7315872183038459,
          0.03474986292394444
        ],
        [
          0.7435523950911097,
          0.033142687287637695
        ],
        [
          0.7555175718783734,
          0.031387043004977765
        ],
        [
          0.7674827486656373,
          0.02971712450602382
        ],
        [
          0.779447925452901,
          0.027978870275908067
        ],
        [
          0.7914131022401647,
          0.026633676430356912
        ],
        [
          0.8033782790274285,
          0.0262879745260384
        ],
        [
          0.8153434558146923,
          0.02594174940567994
        ],
        [
          0.8273086326019561,
          0.02461163918218525
        ],
        [
          0.8392738093892199,
          0.023290224031767354
        ],
        [
          0.8512389861764836,
          0.021977947572562582
        ],
        [
          0.8632041629637475,
          0.020749857774757387
        ],
        [
          0.8751693397510112,
          0.019456713665788557
        ],
        [
          0.887134516538275,
          0.018099918640878076
        ],
        [
          0.8990996933255387,
          0.016828003365236564
        ],
        [
          0.9110648701128025,
          0.015566965507775822
        ],
        [
          0.9230300469000663,
          0.014317051741525711
        ],
        [
          0.93499522368733,
          0.013005996016260627
        ],
        [
          0.9469604004745938,
          0.011779296620929029
        ],
        [
          0.9589255772618576,
          0.010492506489831955
        ]
      ],