{
  "species": "neonHoloTetra05",
  "name": "Neon Holo Tetra 05",
  "params": {
    "thickness": 0.08672224197758188,
    "camber": 0.01,
    "camberPos": 0.4,
    "bodyLength": 0.6901710933266441,
    "bellyBulge": 0.005,
    "headBluntness": 0.9749053427697799,
    "tailNarrow": 0.03
  },
  "geometry": {
    "body": {
      "top": [
        [
          -0.033618249954842035,
          0.00010539756036692435
        ],
        [
          -0.029017109332664416,
          0.000495535364258944
        ],
        [
          -0.024415968710486784,
          0.0015196470994754954
        ],
        [
          -0.01981482808830915,
          0.0029338966385840663
        ],
        [
          -0.015213687466131519,
          0.00459198230512515
        ],
        [
          -0.010612546843953893,
          0.006250067971666233
        ],
        [
          -0.006011406221776268,
          0.007664317510774805
        ],
        [
          -0.0014102655995986424,
          0.008688429245991357
        ],
        [
          0.014693726578023054,
          0.019218873145192005
        ],
        [
          0.02619657813346712,
          0.02399327904660711
        ],
        [
          0.037699429688911185,
          0.027428197571529405
        ],
        [
          0.04920228124435526,
          0.030199039382273463
        ],
        [
          0.06070513279979932,
          0.03254502468471282
        ],
        [
          0.0722079843552434,
          0.03455955696389622
        ],
        [
          0.08371083591068745,
          0.03633801869910635
        ],
        [
          0.09521368746613153,
          0.037927020047864204
        ],
        [
          0.1067165390215756,
          0.03932318532125436
        ],
        [
          0.11821939057701966,
          0.040625579839137636
        ],
        [
          0.12972224213246372,
          0.04178086245059427
        ],
        [
          0.14122509368790778,
          0.04283812284085469
        ],
        [
          0.15272794524335187,
          0.04374363572864388
        ],
        [
          0.1642307967987959,
          0.04459912342511335
        ],
        [
          0.17573364835424,
          0.045351163293424
        ],
        [
          0.18723649990968408,
          0.046050546285139216
        ],
        [
          0.1987393514651281,
          0.046590804048663934
        ],
        [
          0.2102422030205722,
          0.047128445744464995
        ],
        [
          0.22174505457601626,
          0.04755690672998755
        ],
        [
          0.23324790613146032,
          0.047927977754161716
        ],
        [
          0.2447507576869044,
          0.048187350134882664
        ],
        [
          0.25625360924234847,
          0.04844091129355888
        ],
        [
          0.2677564607977925,
          0.04858086132803389
        ],
        [
          0.2792593123532366,
          0.04871385602615502
        ],
        [
          0.29076216390868065,
          0.048731573171283106
        ],
        [
          0.30226501546412476,
          0.048741387559781385
        ],
        [
          0.3137678670195688,
          0.048634527621868706
        ],
        [
          0.32527071857501283,
          0.048519032501951324
        ],
        [
          0.33677357013045695,
          0.04834029998082413
        ],
        [
          0.348276421685901,
          0.0480979862203394
        ],
        [
          0.35977927324134507,
          0.04779181651305638
        ],
        [
          0.3712821247967891,
          0.047476403460771484
        ],
        [
          0.3827849763522332,
          0.04709694256391673
        ],
        [
          0.39428782790767725,
          0.04665334525820247
        ],
        [
          0.40579067946312136,
          0.04620060157610905
        ],
        [
          0.4172935310185654,
          0.04568385057577229
        ],
        [
          0.4287963825740095,
          0.04515827774243876
        ],
        [
          0.44029923412945354,
          0.044569022394856446
        ],
        [
          0.4518020856848976,
          0.043971425686724214
        ],
        [
          0.46330493724034166,
          0.04331066427604904
        ],
        [
          0.4748077887957857,
          0.042642193689172915
        ],
        [
          0.48631064035122984,
          0.04191126422087175
        ],
        [
          0.49781349190667384,
          0.04117340322028825
        ],
        [
          0.509316343462118,
          0.04037396991685247
        ],
        [
          0.520819195017562,
          0.03956851994869637
        ],
        [
          0.532322046573006,
          0.038757507985287466
        ],
        [
          0.5438248981284501,
          0.037886505820998936
        ],
        [
          0.5553277496838942,
          0.037011014307313544
        ],
        [
          0.5668306012393384,
          0.03607679713150002
        ],
        [
          0.5783334527947823,
          0.0351392726506704
        ],
        [
          0.5898363043502264,
          0.03419897070882192
        ],
        [
          0.6013391559056706,
          0.03325642071714354
        ],
        [
          0.6128420074611145,
          0.03225783327202006
        ],
        [
          0.6243448590165587,
          0.031204112056357845
        ],
        [
          0.6358477105720027,
          0.030204319064124425
        ],
        [
          0.6473505621274467,
          0.02915076308944916
        ],
        [
          0.6588534136828909,
          0.028098190724915904
        ],
        [
          0.6703562652383349,
          0.02699354395379822
        ],
        [
          0.681859116793779,
          0.02589129389745177
        ],
        [
          0.693361968349223,
          0.024791985142617972
        ],
        [
          0.7048648199046671,
          0.023643062770274153
        ],
        [
          0.7163676714601112,
          0.02255139798672786
        ],
        [
          0.7278705230155552,
          0.02135881244884527
        ],
        [
          0.7393733745709993,
          0.020224498545884824
        ],
        [
          0.7508762261264433,
          0.01904373380157592
        ],
        [
          0.7623790776818874,
          0.018130149714492182
        ],
        [
          0.7738819292373315,
          0.017895964834849808
        ],
        [
          0.7853847807927755,
          0.017661424301951823
        ],
        [
          0.7968876323482197,
          0.01675809322487021
        ],
        [
          0.8083904839036636,
          0.015860672576390688
        ],
        [
          0.8198933354591077,
          0.01496946390352709
        ],
        [
          0.8313961870145519,
          0.014135480655574338
        ],
        [
          0.8428990385699958,
          0.013257277093658168
        ],
        [
          0.85440189012544,
          0.012335807168042908
        ],
        [
          0.865904741680884,
          0.011472033790045676
        ],
        [
          0.877407593236328,
          0.010615654277857812
        ],
        [
          0.8889104447917722,
          0.009766836306128885
        ],
        [
          0.9004132963472162,
          0.008876457420517096
        ],
        [
          0.9119161479026603,
          0.00804341929107868
        ],
        [
          0.9234189994581044,
          0.00716953481104009
        ]
      ],