{
  "species": "neonHoloTetra10",
  "name": "Neon Holo Tetra 10",
  "params": {
    "thickness": 0.09890161212637288,
    "camber": 0.01,
    "camberPos": 0.4,
    "bodyLength": 0.6189893905754433,
    "bellyBulge": 0.005,
    "headBluntness": 1.016713216540811,
    "tailNarrow": 0.03
  },
  "geometry": {
    "body": {
      "top": [
        [
          -0.02602553499471396,
          -0.00007019550947140635
        ],
        [
          -0.02189893905754435,
          0.0004933427908967961
        ],
        [
          -0.01777234312037472,
          0.0019726308293633275
        ],
        [
          -0.013645747183205097,
          0.0040154571681980614
        ],
        [
          -0.009519151246035466,
          0.006410494944762922
        ],
        [
          -0.00539255530886585,
          0.008805532721327784
        ],
        [
          -0.0012659593716962264,
          0.010848359060162516
        ],
        [
          0.002860636565473397,
          0.012327647098629048
        ],
        [
          0.017303722345567076,
          0.027545068174238414
        ],
        [
          0.027620212188491134,
          0.03444812484381691
        ],
        [
          0.037936702031415186,
          0.03941634609887519
        ],
        [
          0.04825319187433925,
          0.0434253353618303
        ],
        [
          0.0585696817172633,
          0.046820636558153786
        ],
        [
          0.06888617156018735,
          0.049737167249506505
        ],
        [
          0.07920266140311141,
          0.05231270357479028
        ],
        [
          0.08951915124603547,
          0.054614572023997186
        ],
        [
          0.09983564108895954,
          0.05663789655083028
        ],
        [
          0.11015213093188359,
          0.0585257730086595
        ],
        [
          0.12046862077480763,
          0.06020115225938767
        ],
        [
          0.13078511061773168,
          0.06173494237063698
        ],
        [
          0.14110160046065576,
          0.06304953934352686
        ],
        [
          0.1514180903035798,
          0.06429187694803287
        ],
        [
          0.16173458014650385,
          0.06538478834293848
        ],
        [
          0.17205106998942793,
          0.06640163900637111
        ],
        [
          0.18236755983235198,
          0.06718863970462326
        ],
        [
          0.19268404967527605,
          0.06797186159870947
        ],
        [
          0.20300053951820007,
          0.06859737636651994
        ],
        [
          0.21331702936112415,
          0.06913999365309724
        ],
        [
          0.22363351920404823,
          0.06952126676062526
        ],
        [
          0.23395000904697227,
          0.0698941457926203
        ],
        [
          0.2442664988898963,
          0.07010291814436907
        ],
        [
          0.25458298873282037,
          0.07030164379367518
        ],
        [
          0.2648994785757444,
          0.07033385567365096
        ],
        [
          0.2752159684186685,
          0.07035465234086104
        ],
        [
          0.28553245826159257,
          0.07020691765595317
        ],
        [
          0.29584894810451656,
          0.07004670979940761
        ],
        [
          0.30616543794744067,
          0.06979515807092253
        ],
        [
          0.3164819277903647,
          0.06945176581018088
        ],
        [
          0.32679841763328876,
          0.06901613621337972
        ],
        [
          0.33711490747621287,
          0.06856715497805464
        ],
        [
          0.34743139731913686,
          0.06802565921808965
        ],
        [
          0.3577478871620609,
          0.0673915210059453
        ],
        [
          0.368064377004985,
          0.06674417122253612
        ],
        [
          0.37838086684790906,
          0.0660043654531288
        ],
        [
          0.3886973566908331,
          0.06525181690226442
        ],
        [
          0.39901384653375715,
          0.0644072815316535
        ],
        [
          0.4093303363766812,
          0.0635506974026291
        ],
        [
          0.41964682621960525,
          0.06260287441195322
        ],
        [
          0.4299633160625293,
          0.061643915827622534
        ],
        [
          0.4402798059054534,
          0.060594737911737626
        ],
        [
          0.45059629574837745,
          0.059535547677429926
        ],
        [
          0.4609127855913015,
          0.05838741873850818
        ],
        [
          0.4712292754342255,
          0.0572305989704062
        ],
        [
          0.48154576527714954,
          0.05606574512480608
        ],
        [
          0.49186225512007364,
          0.05481423785699159
        ],
        [
          0.5021787449629976,
          0.05355624590529454
        ],
        [
          0.5124952348059219,
          0.05221342710653593
        ],
        [
          0.5228117246488458,
          0.050865831039260956
        ],
        [
          0.5331282144917698,
          0.04951422304172369
        ],
        [
          0.5434447043346939,
          0.04815936782700405
        ],
        [
          0.553761194177618,
          0.04672356877409091
        ],
        [
          0.5640776840205421,
          0.04520813121644344
        ],
        [
          0.5743941738634661,
          0.043770590799421055
        ],
        [
          0.5847106637063901,
          0.042255391925705287
        ],
        [
          0.5950271535493142,
          0.04074161383711241
        ],
        [
          0.6053436433922382,
          0.03915261637145197
        ],
        [
          0.6156601332351624,
          0.03756708086347716
        ],
        [
          0.6259766230780864,
          0.035985793946740584
        ],
        [
          0.6362931129210104,
          0.0343328421633651
        ],
        [
          0.6466096027639345,
          0.03276259665441944
        ],
        [
          0.6569260926068585,
          0.031046575191943534
        ],
        [
          0.6672425824497826,
          0.029414724752567945
        ],
        [
          0.6775590722927067,
          0.027715777948976825
        ],
        [
          0.6878755621356307,
          0.026402762813534434
        ],
        [
          0.6981920519785548,
          0.026071112392850582
        ],
        [
          0.7085085418214788,
          0.025738948245403542
        ],
        [
          0.7188250316644029,
          0.024440743168798355
        ],
        [
          0.729141521507327,
          0.023151075467591403
        ],
        [
          0.739458011350251,
          0.021870380714264927
        ],
        [
          0.7497745011931751,
          0.02067234577593303
        ],
        [
          0.7600909910360991,
          0.019410436380104083
        ],
        [
          0.7704074808790232,
          0.01808603046940563
        ],
        [
          0.7807239707219472,
          0.016844964891424008
        ],
        [
          0.7910404605648713,
          0.01561457945397169
        ],
        [
          0.8013569504077954,
          0.014395116356307738
        ],
        [
          0.8116734402507194,
          0.013115620197152055
        ],
        [
          0.8219899300936435,
          0.01191895044434154
        ],
        [
          0.8323064199365675,
          0.0106632797878405
        ]
      ],