{
  "species": "neonHoloTetra11",
  "name": "Neon Holo Tetra 11",
  "params": {
    "thickness": 0.10702486016296317,
    "camber": 0.01,
    "camberPos": 0.4,
    "bodyLength": 0.5757356124775833,
    "bellyBulge": 0.005,
    "headBluntness": 0.9426109527883818,
    "tailNarrow": 0.03
  },
  "geometry": {
    "body": {
      "top": [
        [
          -0.021411798664275554,
          0.0002410339982887964
        ],
        [
          -0.017573561247758343,
          0.0007983569338007987
        ],
        [
          -0.013735323831241118,
          0.002261329639519804
        ],
        [
          -0.009897086414723893,
          0.004281625280750811
        ],
        [
          -0.006058848998206662,
          0.006650247756676822
        ],
        [
          -0.002220611581689444,
          0.009018870232602831
        ],
        [
          0.0016176258348277739,
          0.01103916587383384
        ],
        [
          0.005455863251344999,
          0.012502138579552848
        ],
        [
          0.01888969420915528,
          0.027542484251025772
        ],
        [
          0.028485287750448333,
          0.03436016613077766
        ],
        [
          0.038080881291741385,
          0.03926435224236539
        ],
        [
          0.04767647483303444,
          0.04321988590330924
        ],
        [
          0.0572720683743275,
          0.046568499973232674
        ],
        [
          0.06686766191562055,
          0.04944362398384242
        ],
        [
          0.0764632554569136,
          0.05198151451632578
        ],
        [
          0.08605884899820668,
          0.054248755504757155
        ],
        [
          0.09565444253949973,
          0.056240524681627574
        ],
        [
          0.10525003608079278,
          0.058098339670508745
        ],
        [
          0.11484562962208583,
          0.05974600112204864
        ],
        [
          0.12444122316337888,
          0.061253635046090577
        ],
        [
          0.13403681670467193,
          0.06254449335215807
        ],
        [
          0.143632410245965,
          0.06376388925135877
        ],
        [
          0.15322800378725807,
          0.0648355069893901
        ],
        [
          0.16282359732855112,
          0.06583190288337991
        ],
        [
          0.17241919086984417,
          0.06660098386862615
        ],
        [
          0.18201478441113722,
          0.06736632772681445
        ],
        [
          0.19161037795243027,
          0.06797570383887132
        ],
        [
          0.20120597149372335,
          0.06850309676086425
        ],
        [
          0.2108015650350164,
          0.06887092499765869
        ],
        [
          0.22039715857630945,
          0.06923045173868274
        ],
        [
          0.22999275211760248,
          0.06942768176143195
        ],
        [
          0.23958834565889559,
          0.06961497588861926
        ],
        [
          0.24918393920018864,
          0.06963759275666428
        ],
        [
          0.2587795327414817,
          0.06964892031236988
        ],
        [
          0.26837512628277477,
          0.06949357527842755
        ],
        [
          0.2779707198240678,
          0.06932589464169168
        ],
        [
          0.2875663133653608,
          0.06906787758094152
        ],
        [
          0.2971619069066539,
          0.06871903291361561
        ],
        [
          0.306757500447947,
          0.06827896821233122
        ],
        [
          0.31635309398924,
          0.06782569913013574
        ],
        [
          0.325948687530533,
          0.06728093588256386
        ],
        [
          0.3355442810718261,
          0.06664455195301193
        ],
        [
          0.3451398746131192,
          0.0659951021649811
        ],
        [
          0.3547354681544122,
          0.0652542161045825
        ],
        [
          0.3643310616957053,
          0.06450072780514601
        ],
        [
          0.3739266552369983,
          0.06365626722507473
        ],
        [
          0.3835222487782914,
          0.0627998907745047
        ],
        [
          0.39311784231958447,
          0.06185328175203113
        ],
        [
          0.4027134358608775,
          0.06089565995235977
        ],
        [
          0.41230902940217057,
          0.059848813866302086
        ],
        [
          0.4219046229434636,
          0.05879206588947489
        ],
        [
          0.43150021648475667,
          0.057647360128937605
        ],
        [
          0.4410958100260497,
          0.05649405939193183
        ],
        [
          0.4506914035673427,
          0.05533281318670772
        ],
        [
          0.4602869971086358,
          0.054085869275384266
        ],
        [
          0.4698825906499288,
          0.052832512200918336
        ],
        [
          0.47947818419122196,
          0.051495263849881345
        ],
        [
          0.489073777732515,
          0.05015329091967815
        ],
        [
          0.498669371273808,
          0.048807350307510176
        ],
        [
          0.5082649648151011,
          0.04745819829229975
        ],
        [
          0.5178605583563941,
          0.046028995182986
        ],
        [
          0.5274561518976872,
          0.04452103191627153
        ],
        [
          0.5370517454389803,
          0.043090106648665215
        ],
        [
          0.5466473389802733,
          0.04158237943339463
        ],
        [
          0.5562429325215664,
          0.040076057333153316
        ],
        [
          0.5658385260628594,
          0.03849534546382748
        ],
        [
          0.5754341196041526,
          0.03691805736963585
        ],
        [
          0.5850297131454456,
          0.035344971008208666
        ],
        [
          0.5946253066867386,
          0.03370101018479341
        ],
        [
          0.6042209002280317,
          0.032138843453492875
        ],
        [
          0.6138164937693247,
          0.030432508557765088
        ],
        [
          0.6234120873106178,
          0.02880941634784706
        ],
        [
          0.6330076808519108,
          0.027119967791532796
        ],
        [
          0.6426032743932039,
          0.025812194393870846
        ],
        [
          0.652198867934497,
          0.02547496206374552
        ],
        [
          0.66179446147579,
          0.0251372216728415
        ],
        [
          0.6713900550170832,
          0.02384409499122505
        ],
        [
          0.6809856485583762,
          0.022559411524764348
        ],
        [
          0.6905812420996692,
          0.021283602041934708
        ],
        [
          0.7001768356409622,
          0.02008954070419398
        ],
        [
          0.7097724291822552,
          0.01883230939178918
        ],
        [
          0.7193680227235484,
          0.017513270849771792
        ],
        [
          0.7289636162648414,
          0.016276653465013717
        ],
        [
          0.7385592098061344,
          0.015050598427602016
        ],
        [
          0.7481548033474276,
          0.013835345265536732
        ],
        [
          0.7577503968887206,
          0.012560721157368082
        ],
        [
          0.7673459904300136,
          0.011368009948273085
        ],
        [
          0.7769415839713066,
          0.010116948567022659
        ]
      ],