{
  "species": "neonHoloTetra08",
  "name": "Neon Holo Tetra 08",
  "params": {
    "thickness": 0.10119674671695103,
    "camber": 0.01,
    "camberPos": 0.4,
    "bodyLength": 0.7195979725127108,
    "bellyBulge": 0.005,
    "headBluntness": 0.9665227375441463,
    "tailNarrow": 0.03
  },
  "geometry": {
    "body": {
      "top": [
        [
          -0.03675711706802249,
          0.00014060450231458553
        ],
        [
          -0.03195979725127109,
          0.0006569159076524157
        ],
        [
          -0.02716247743451968,
          0.0020122333466642195
        ],
        [
          -0.02236515761776827,
          0.0038838621910138533
        ],
        [
          -0.01756783780101686,
          0.0060781856636996315
        ],
        [
          -0.012770517984265456,
          0.008272509136385409
        ],
        [
          -0.007973198167514052,
          0.010144137980735041
        ],
        [
          -0.003175878350762648,
          0.011499455419746845
        ],
        [
          0.013614741007867272,
          0.025435493463737725
        ],
        [
          0.025608040549745786,
          0.031753946033655556
        ],
        [
          0.037601340091624295,
          0.03629971058695478
        ],
        [
          0.049594639633502816,
          0.03996663084952132
        ],
        [
          0.06158793917538133,
          0.0430712927031836
        ],
        [
          0.07358123871725983,
          0.04573730704682882
        ],
        [
          0.08557453825913836,
          0.04809090379571197
        ],
        [
          0.09756783780101687,
          0.05019376719497053
        ],
        [
          0.10956113734289538,
          0.05204142983162757
        ],
        [
          0.12155443688477388,
          0.053764995520815394
        ],
        [
          0.1335477364266524,
          0.05529387216835862
        ],
        [
          0.1455410359685309,
          0.05669302544565862
        ],
        [
          0.15753433551040943,
          0.057891354897439
        ],
        [
          0.16952763505228793,
          0.05902348062178023
        ],
        [
          0.18152093459416646,
          0.06001870268540722
        ],
        [
          0.193514234136045,
          0.06094423822882399
        ],
        [
          0.2055075336779235,
          0.061659186207098086
        ],
        [
          0.21750083321980201,
          0.06237067206099102
        ],
        [
          0.22949413276168049,
          0.06293766731336492
        ],
        [
          0.241487432303559,
          0.06342871224433835
        ],
        [
          0.2534807318454375,
          0.06377193432143723
        ],
        [
          0.26547403138731607,
          0.06410746578206494
        ],
        [
          0.2774673309291945,
          0.06429264339691519
        ],
        [
          0.28946063047107307,
          0.06446861626551517
        ],
        [
          0.30145393001295157,
          0.06449202992350807
        ],
        [
          0.3134472295548301,
          0.06450498501188563
        ],
        [
          0.3254405290967086,
          0.06436353238884654
        ],
        [
          0.3374338286385871,
          0.06421065189875196
        ],
        [
          0.3494271281804656,
          0.0639740825398453
        ],
        [
          0.3614204277223442,
          0.06365336927404647
        ],
        [
          0.3734137272642227,
          0.06324814855139087
        ],
        [
          0.3854070268061012,
          0.06283069511403717
        ],
        [
          0.39740032634797967,
          0.062328480260822675
        ],
        [
          0.40939362588985817,
          0.06174138678507729
        ],
        [
          0.4213869254317367,
          0.061142188923663666
        ],
        [
          0.4333802249736152,
          0.06045828327924506
        ],
        [
          0.4453735245154938,
          0.05976270275239573
        ],
        [
          0.4573668240573722,
          0.058982844290675115
        ],
        [
          0.4693601235992508,
          0.058191946807498535
        ],
        [
          0.4813534231411293,
          0.05731745666549127
        ],
        [
          0.4933467226830078,
          0.056432764139714466
        ],
        [
          0.5053400222248864,
          0.05546541304426643
        ],
        [
          0.5173333217667648,
          0.0544888887050616
        ],
        [
          0.5293266213086434,
          0.053430879101167214
        ],
        [
          0.5413199208505218,
          0.052364906996366214
        ],
        [
          0.5533132203924003,
          0.05129157410376969
        ],
        [
          0.5653065199342789,
          0.050138849712544585
        ],
        [
          0.5772998194761574,
          0.04898018408139597
        ],
        [
          0.5892931190180359,
          0.047743800452041886
        ],
        [
          0.6012864185599144,
          0.046503039909495295
        ],
        [
          0.6132797181017929,
          0.04525860365342492
        ],
        [
          0.6252730176436715,
          0.044011192310717526
        ],
        [
          0.6372663171855499,
          0.04268962056609278
        ],
        [
          0.6492596167274285,
          0.04129508436054051
        ],
        [
          0.6612529162693069,
          0.039971917185490084
        ],
        [
          0.6732462158111855,
          0.038577599661145684
        ],
        [
          0.685239515353064,
          0.03718458385411669
        ],
        [
          0.6972328148949425,
          0.03572265237222227
        ],
        [
          0.709226114436821,
          0.03426389272130496
        ],
        [
          0.7212194139786996,
          0.032809025611695804
        ],
        [
          0.733212713520578,
          0.03128849945462969
        ],
        [
          0.7452060130624566,
          0.02984374843610026
        ],
        [
          0.757199312604335,
          0.028265438106016512
        ],
        [
          0.7691926121462136,
          0.026764244911001055
        ],
        [
          0.7811859116880921,
          0.025201578311110463
        ],
        [
          0.7931792112299706,
          0.02399250067192769
        ],
        [
          0.8051725107718491,
          0.02368254523028656
        ],
        [
          0.8171658103137276,
          0.023372119114359602
        ],
        [
          0.8291591098556063,
          0.022176610388392443
        ],
        [
          0.8411524093974847,
          0.020988923569626415
        ],
        [
          0.8531457089393631,
          0.019809457727725955
        ],
        [
          0.8651390084812417,
          0.01870572445842426
        ],
        [
          0.8771323080231203,
          0.017543469681544552
        ],
        [
          0.8891256075649988,
          0.01632395586228937
        ],
        [
          0.9011189071068773,
          0.015180798103089428
        ],
        [
          0.9131122066487557,
          0.014047425443433372
        ],
        [
          0.9251055061906343,
          0.012924059785257116
        ],
        [
          0.9370988057325128,
          0.011745692090262286
        ],
        [
          0.9490921052743914,
          0.010643209598156442
        ],
        [
          0.9610854048162698,
          0.009486670727840363
        ]
      ],