{
  "species": "neonHoloTetra16",
  "name": "Neon Holo Tetra 16",
  "params": {
    "thickness": 0.09094939627951246,
    "camber": 0.01,
    "camberPos": 0.4,
    "bodyLength": 0.7241805703935096,
    "bellyBulge": 0.005,
    "headBluntness": 0.9686258875732892,
    "tailNarrow": 0.03
  },
  "geometry": {
    "body": {
      "top": [
        [
          -0.03724592750864102,
          0.00013177127219218552
        ],
        [
          -0.032418057039350974,
          0.0005331832052224259
        ],
        [
          -0.02759018657006091,
          0.0015868895294268064
        ],
        [
          -0.022762316100770834,
          0.003042007786661427
        ],
        [
          -0.01793444563148077,
          0.004748008502039948
        ],
        [
          -0.013106575162190708,
          0.00645400921741847
        ],
        [
          -0.008278704692900644,
          0.00790912747465309
        ],
        [
          -0.0034508342236105743,
          0.008962833798857471
        ],
        [
          0.013446712418904647,
          0.0197968902079559
        ],
        [
          0.025516388592129808,
          0.024708571711991013
        ],
        [
          0.03758606476535497,
          0.0282420575843708
        ],
        [
          0.049655740938580134,
          0.031092276378145624
        ],
        [
          0.06172541711180529,
          0.03350536123986429
        ],
        [
          0.07379509328503045,
          0.03557741481098106
        ],
        [
          0.08586476945825561,
          0.03740657591578857
        ],
        [
          0.09793444563148078,
          0.03904080164340429
        ],
        [
          0.11000412180470595,
          0.040476618754887186
        ],
        [
          0.12207379797793108,
          0.04181595534114486
        ],
        [
          0.13414347415115627,
          0.043003928808675325
        ],
        [
          0.1462131503243814,
          0.0440910474272325
        ],
        [
          0.15828282649760658,
          0.045022033372432185
        ],
        [
          0.1703525026708317,
          0.04590154850770899
        ],
        [
          0.1824221788440569,
          0.046674626398876776
        ],
        [
          0.19449185501728206,
          0.047393525744898087
        ],
        [
          0.2065615311905072,
          0.04794870149170751
        ],
        [
          0.21863120736373237,
          0.04850118557215848
        ],
        [
          0.23070088353695753,
          0.04894133385862771
        ],
        [
          0.2427705597101827,
          0.04932243373940137
        ],
        [
          0.2548402358834079,
          0.049588607130257596
        ],
        [
          0.266909912056633,
          0.04984880136746356
        ],
        [
          0.27897958822985813,
          0.04999210136749386
        ],
        [
          0.2910492644030833,
          0.050128245037163885
        ],
        [
          0.3031189405763085,
          0.0501457798847195
        ],
        [
          0.3151886167495337,
          0.05015518360326534
        ],
        [
          0.3272582929227588,
          0.0500445413625824
        ],
        [
          0.33932796909598395,
          0.04992501440202357
        ],
        [
          0.35139764526920914,
          0.04974042261768656
        ],
        [
          0.3634673214424343,
          0.04949041223525332
        ],
        [
          0.37553699761565945,
          0.04917470060883892
        ],
        [
          0.38760667378888464,
          0.04884947852497114
        ],
        [
          0.39967634996210977,
          0.048458357753924805
        ],
        [
          0.41174602613533495,
          0.048001247172096036
        ],
        [
          0.4238157023085601,
          0.04753472590361769
        ],
        [
          0.43588537848178527,
          0.04700234764540949
        ],
        [
          0.44795505465501045,
          0.04646089262252795
        ],
        [
          0.4600247308282356,
          0.04585391480003609
        ],
        [
          0.4720944070014607,
          0.045238354569920466
        ],
        [
          0.4841640831746859,
          0.044557804315525966
        ],
        [
          0.49623375934791103,
          0.0438693221066015
        ],
        [
          0.5083034355211363,
          0.04311657609120246
        ],
        [
          0.5203731116943614,
          0.04235669823740028
        ],
        [
          0.5324427878675866,
          0.04153346877587773
        ],
        [
          0.5445124640408117,
          0.04070404878118538
        ],
        [
          0.5565821402140368,
          0.03986890606174384
        ],
        [
          0.568651816387262,
          0.03897203955584088
        ],
        [
          0.5807214925604872,
          0.03807055396816355
        ],
        [
          0.5927911687337124,
          0.03710864567518014
        ],
        [
          0.6048608449069375,
          0.03614333450330011
        ],
        [
          0.6169305210801627,
          0.03517516560785326
        ],
        [
          0.6290001972533878,
          0.03420468369885382
        ],
        [
          0.6410698734266129,
          0.03317654497658206
        ],
        [
          0.6531395495998382,
          0.032091679238403545
        ],
        [
          0.6652092257730633,
          0.031062300131347392
        ],
        [
          0.6772789019462885,
          0.02997760440925891
        ],
        [
          0.6893485781195137,
          0.028893920721493965
        ],
        [
          0.7014182542927387,
          0.02775665779070278
        ],
        [
          0.713487930465964,
          0.0266218608344971
        ],
        [
          0.7255576066391891,
          0.02549009017698393
        ],
        [
          0.7376272828124142,
          0.0243072721769404
        ],
        [
          0.7496969589856395,
          0.023183366384764384
        ],
        [
          0.7617666351588646,
          0.021955623449207585
        ],
        [
          0.7738363113320899,
          0.02078783607135779
        ],
        [
          0.7859059875053149,
          0.019572255524451937
        ],
        [
          0.79797566367854,
          0.018631576571329415
        ],
        [
          0.8100453398517653,
          0.018389929976613602
        ],
        [
          0.8221150160249904,
          0.01814791745104105
        ],
        [
          0.8341846921982156,
          0.017217787797482103
        ],
        [
          0.8462543683714407,
          0.016293739370983277
        ],
        [
          0.8583240445446658,
          0.015376082432607484
        ],
        [
          0.8703937207178911,
          0.014517304608746569
        ],
        [
          0.8824633968911162,
          0.013613028600576978
        ],
        [
          0.8945330730643414,
          0.012664235925439003
        ],
        [
          0.9066027492375666,
          0.011774807101938772
        ],
        [
          0.9186724254107916,
          0.010892985810796329
        ],
        [
          0.9307421015840168,
          0.010018944572091844
        ],
        [
          0.942811777757242,
          0.009102141400004347
        ],
        [
          0.9548814539304672,
          0.00824433600651546
        ],
        [
          0.9669511301036924,
          0.007344503892242081
        ]
      ],