{
  "species": "neonHoloTetra06",
  "name": "Neon Holo Tetra 06",
  "params": {
    "thickness": 0.11433980616086048,
    "camber": 0.01,
    "camberPos": 0.4,
    "bodyLength": 0.6956169406342086,
    "bellyBulge": 0.005,
    "headBluntness": 1.010708363273152,
    "tailNarrow": 0.03
  },
  "geometry": {
    "body": {
      "top": [
        [
          -0.0341991403343156,
          -0.00004497512574723816
        ],
        [
          -0.029561694063420872,
          0.0005352613608888101
        ],
        [
          -0.024924247792526145,
          0.002058382138308437
        ],
        [
          -0.02028680152163142,
          0.004161739402364112
        ],
        [
          -0.015649355250736692,
          0.006627744470567317
        ],
        [
          -0.011011908979841972,
          0.009093749538770523
        ],
        [
          -0.0063744627089472455,
          0.011197106802826198
        ],
        [
          -0.0017370164380525188,
          0.012720227580245826
        ],
        [
          0.014494045510079014,
          0.028387743087449503
        ],
        [
          0.026087661187315828,
          0.0354945315093511
        ],
        [
          0.03768127686455264,
          0.04060915346731105
        ],
        [
          0.04927489254178945,
          0.04473612045913439
        ],
        [
          0.06086850821902626,
          0.04823121521185677
        ],
        [
          0.07246212389626307,
          0.051233353025312206
        ],
        [
          0.08405573957349988,
          0.0538843924789911
        ],
        [
          0.0956493552507367,
          0.05625365501206631
        ],
        [
          0.10724297092797352,
          0.05833612009626111
        ],
        [
          0.11883658660521032,
          0.06027912365383191
        ],
        [
          0.13043020228244714,
          0.06200333350600995
        ],
        [
          0.14202381795968394,
          0.06358175879521624
        ],
        [
          0.15361743363692074,
          0.06493449604083557
        ],
        [
          0.16521104931415756,
          0.06621283280292044
        ],
        [
          0.17680466499139438,
          0.06733731571192517
        ],
        [
          0.1883982806686312,
          0.06838348413623202
        ],
        [
          0.199991896345868,
          0.06919299191801892
        ],
        [
          0.2115855120231048,
          0.06999860892600836
        ],
        [
          0.2231791277003416,
          0.07064184579265176
        ],
        [
          0.23477274337757842,
          0.07119972884531256
        ],
        [
          0.24636635905481524,
          0.07159148693445345
        ],
        [
          0.25795997473205207,
          0.07197460222346408
        ],
        [
          0.26955359040928883,
          0.07218874819216878
        ],
        [
          0.28114720608652566,
          0.07239254976489574
        ],
        [
          0.2927408217637625,
          0.07242490360384912
        ],
        [
          0.3043344374409993,
          0.0724455039862139
        ],
        [
          0.31592805311823613,
          0.07229257926908317
        ],
        [
          0.3275216687954729,
          0.07212681178814465
        ],
        [
          0.3391152844727097,
          0.07186699382777059
        ],
        [
          0.35070890014994655,
          0.0715126140111172
        ],
        [
          0.36230251582718337,
          0.07106326377670004
        ],
        [
          0.3738961315044202,
          0.07060016628176324
        ],
        [
          0.38548974718165696,
          0.07004181296711587
        ],
        [
          0.3970833628588938,
          0.06938807211460148
        ],
        [
          0.4086769785361306,
          0.06872072821915524
        ],
        [
          0.42027059421336743,
          0.06795818877719695
        ],
        [
          0.43186420989060426,
          0.06718252897281114
        ],
        [
          0.443457825567841,
          0.06631215669001579
        ],
        [
          0.45505144124507785,
          0.06542937863241227
        ],
        [
          0.46664505692231467,
          0.06445265821721788
        ],
        [
          0.47823867259955144,
          0.06346447224993121
        ],
        [
          0.4898322882767883,
          0.06238339366481633
        ],
        [
          0.5014259039540251,
          0.06129200608657546
        ],
        [
          0.5130195196312619,
          0.0601090444636645
        ],
        [
          0.5246131353084987,
          0.058917134493877754
        ],
        [
          0.5362067509857354,
          0.05771695238908646
        ],
        [
          0.5478003666629724,
          0.056427549237158155
        ],
        [
          0.5593939823402091,
          0.055131469253876055
        ],
        [
          0.570987598017446,
          0.05374804892180266
        ],
        [
          0.5825812136946827,
          0.05235970976611455
        ],
        [
          0.5941748293719196,
          0.050967239802780354
        ],
        [
          0.6057684450491564,
          0.04957142640407004
        ],
        [
          0.6173620607263932,
          0.04809227072275436
        ],
        [
          0.62895567640363,
          0.04653111677058859
        ],
        [
          0.6405492920808669,
          0.04505016812685663
        ],
        [
          0.6521429077581036,
          0.0434892599310589
        ],
        [
          0.6637365234353405,
          0.041929814619624896
        ],
        [
          0.6753301391125772,
          0.04029292110804526
        ],
        [
          0.6869237547898142,
          0.03865959213531435
        ],
        [
          0.6985173704670509,
          0.03703063764369965
        ],
        [
          0.7101109861442877,
          0.03532789478595859
        ],
        [
          0.7217046018215245,
          0.0337103088697538
        ],
        [
          0.7332982174987613,
          0.03194262751716582
        ],
        [
          0.7448918331759982,
          0.030261611256708017
        ],
        [
          0.756485448853235,
          0.02851151050170382
        ],
        [
          0.7680790645304717,
          0.02715877694438946
        ],
        [
          0.7796726802077086,
          0.026816486889900074
        ],
        [
          0.7912662958849453,
          0.026473667886425387
        ],
        [
          0.8028599115621822,
          0.025136183224351967
        ],
        [
          0.814453527239419,
          0.02380748890838799
        ],
        [
          0.8260471429166558,
          0.022488033417450703
        ],
        [
          0.8376407585938926,
          0.021253687031976345
        ],
        [
          0.8492343742711294,
          0.01995357352689422
        ],
        [
          0.8608279899483663,
          0.018589111674608038
        ],
        [
          0.872421605625603,
          0.017310459609907004
        ],
        [
          0.8840152213028398,
          0.01604280414865503
        ],
        [
          0.8956088369800767,
          0.014786394666710062
        ],
        [
          0.9072024526573135,
          0.013468173285451043
        ],
        [
          0.9187960683345503,
          0.012235232537268801
        ],
        [
          0.9303896840117871,
          0.010941542631410187
        ]
      ],