{
  "species": "neonHoloTetra07",
  "name": "Neon Holo Tetra 07",
  "params": {
    "thickness": 0.09962046683490627,
    "camber": 0.01,
    "camberPos": 0.4,
    "bodyLength": 0.6812614838821174,
    "bellyBulge": 0.005,
    "headBluntness": 1.00696897451533,
    "tailNarrow": 0.03
  },
  "geometry": {
    "body": {
      "top": [
        [
          -0.03266789161409251,
          -0.000029269692964386306
        ],
        [
          -0.028126148388211737,
          0.0003774938493704666
        ],
        [
          -0.02358440516233095,
          0.0014452481479994552
        ],
        [
          -0.01904266193645017,
          0.002919765988963297
        ],
        [
          -0.014500918710569383,
          0.0046485110438864215
        ],
        [
          -0.009959175484688602,
          0.006377256098809546
        ],
        [
          -0.005417432258807822,
          0.007851773939773389
        ],
        [
          -0.000875689032927035,
          0.008919528238402377
        ],
        [
          0.0150204122576557,
          0.019902869064541497
        ],
        [
          0.026374770322357653,
          0.024884878098590836
        ],
        [
          0.03772912838705961,
          0.028470317446904633
        ],
        [
          0.04908348645176157,
          0.03136338042475014
        ],
        [
          0.060437844516463515,
          0.033813481616841945
        ],
        [
          0.07179220258116548,
          0.03591800490155795
        ],
        [
          0.08314656064586742,
          0.03777639748643012
        ],
        [
          0.0945009187105694,
          0.03943725582274536
        ],
        [
          0.10585527677527135,
          0.0408970603664673
        ],
        [
          0.11720963483997329,
          0.04225909811010761
        ],
        [
          0.12856399290467527,
          0.04346775476742209
        ],
        [
          0.1399183509693772,
          0.04457421198258166
        ],
        [
          0.15127270903407916,
          0.04552245496925609
        ],
        [
          0.1626270670987811,
          0.0464185409390401
        ],
        [
          0.17398142516348308,
          0.04720677064724436
        ],
        [
          0.18533578322818503,
          0.04794009950390699
        ],
        [
          0.19669014129288698,
          0.048507522004282454
        ],
        [
          0.20804449935758895,
          0.04907221695310138
        ],
        [
          0.2193988574222909,
          0.04952307845121528
        ],
        [
          0.23075321548699285,
          0.04991410431243457
        ],
        [
          0.24210757355169482,
          0.05018867148794905
        ],
        [
          0.2534619316163968,
          0.05045717979595409
        ],
        [
          0.26481628968109866,
          0.05060723543706115
        ],
        [
          0.2761706477458007,
          0.05075003933987162
        ],
        [
          0.28752500581050267,
          0.050772653132061266
        ],
        [
          0.2988793638752046,
          0.05078702739132465
        ],
        [
          0.31023372193990656,
          0.05067975524299307
        ],
        [
          0.3215880800046085,
          0.05056347992402304
        ],
        [
          0.33294243806931045,
          0.05038127233940859
        ],
        [
          0.34429679613401243,
          0.05013277399832524
        ],
        [
          0.35565115419871435,
          0.049817698486663446
        ],
        [
          0.3670055122634163,
          0.04949298572447509
        ],
        [
          0.37835987032811824,
          0.04910149571620537
        ],
        [
          0.3897142283928202,
          0.04864313612339379
        ],
        [
          0.4010685864575222,
          0.04817524038100019
        ],
        [
          0.41242294452222417,
          0.047640609645882785
        ],
        [
          0.4237773025869261,
          0.04709678113499524
        ],
        [
          0.435131660651628,
          0.046486556276913935
        ],
        [
          0.44648601871633,
          0.04586763459086231
        ],
        [
          0.45784037678103195,
          0.04518285643588973
        ],
        [
          0.4691947348457339,
          0.044490040577857624
        ],
        [
          0.4805490929104359,
          0.04373210415061825
        ],
        [
          0.4919034509751378,
          0.04296694080356529
        ],
        [
          0.5032578090398397,
          0.042137581247459914
        ],
        [
          0.5146121671045417,
          0.04130194862622149
        ],
        [
          0.5259665251692436,
          0.04046051698507547
        ],
        [
          0.5373208832339457,
          0.039556538658189824
        ],
        [
          0.5486752412986475,
          0.038647879668099454
        ],
        [
          0.5600295993633496,
          0.03767799241939151
        ],
        [
          0.5713839574280515,
          0.03670465692472916
        ],
        [
          0.5827383154927535,
          0.03572842560743322
        ],
        [
          0.5940926735574554,
          0.03474985043957209
        ],
        [
          0.6054470316221574,
          0.03371284977989922
        ],
        [
          0.6168013896868594,
          0.03261836582180487
        ],
        [
          0.6281557477515612,
          0.03158010824058272
        ],
        [
          0.6395101058162632,
          0.03048579656522674
        ],
        [
          0.6508644638809652,
          0.029392510416599127
        ],
        [
          0.6622188219456672,
          0.028244930708424213
        ],
        [
          0.6735731800103691,
          0.027099849851118355
        ],
        [
          0.6849275380750711,
          0.025957835639009223
        ],
        [
          0.696281896139773,
          0.024764093523054077
        ],
        [
          0.707636254204475,
          0.02363004903038098
        ],
        [
          0.7189906122691769,
          0.022390783041304783
        ],
        [
          0.7303449703338789,
          0.02121227193525227
        ],
        [
          0.7416993283985809,
          0.01998533048335056
        ],
        [
          0.7530536864632827,
          0.0190369556032911
        ],
        [
          0.7644080445279848,
          0.018796932555639124
        ],
        [
          0.7757624025926867,
          0.018556538698553515
        ],
        [
          0.7871167606573887,
          0.01761885376093607
        ],
        [
          0.7984711187220906,
          0.016687331125076928
        ],
        [
          0.8098254767867925,
          0.015762285188428222
        ],
        [
          0.8211798348514946,
          0.014896903340509552
        ],
        [
          0.8325341929161965,
          0.013985416728142321
        ],
        [
          0.8438885509808984,
          0.01302881995422033
        ],
        [
          0.8552429090456004,
          0.012132378468648952
        ],
        [
          0.8665972671103023,
          0.011243645938780312
        ],
        [
          0.8779516251750044,
          0.01036279718472602
        ],
        [
          0.8893059832397062,
          0.009438616396746742
        ],
        [
          0.9006603413044083,
          0.008574219943606484
        ],
        [
          0.9120146993691102,
          0.007667236470967405
        ]
      ],