{
  "species": "neonHoloTetra15",
  "name": "Neon Holo Tetra 15",
  "params": {
    "thickness": 0.1094918098271417,
    "camber": 0.01,
    "camberPos": 0.4,
    "bodyLength": 0.7040585443781492,
    "bellyBulge": 0.005,
    "headBluntness": 0.9633457145607098,
    "tailNarrow": 0.03
  },
  "geometry": {
    "body": {
      "top": [
        [
          -0.03509957806700258,
          0.0001539479988450187
        ],
        [
          -0.030405854437814926,
          0.0007015875162475782
        ],
        [
          -0.025712130808627255,
          0.0021391412494292964
        ],
        [
          -0.021018407179439598,
          0.004124334500013574
        ],
        [
          -0.016324683550251927,
          0.006451802448974453
        ],
        [
          -0.01163095992106427,
          0.00877927039793533
        ],
        [
          -0.0069372362918766126,
          0.010764463648519608
        ],
        [
          -0.0022435126626889484,
          0.012202017381701326
        ],
        [
          0.014184520039467866,
          0.02698350608365979
        ],
        [
          0.02591882911243702,
          0.03368519877556399
        ],
        [
          0.037653138185406165,
          0.03850664245516695
        ],
        [
          0.04938744725837532,
          0.042395916404887754
        ],
        [
          0.06112175633134448,
          0.045688815917544985
        ],
        [
          0.07285606540431362,
          0.048516452202986844
        ],
        [
          0.08459037447728276,
          0.051012714400901785
        ],
        [
          0.09632468355025194,
          0.05324302955762113
        ],
        [
          0.1080589926232211,
          0.05520265919194643
        ],
        [
          0.11979330169619024,
          0.05703066207598002
        ],
        [
          0.1315276107691594,
          0.058652162814781986
        ],
        [
          0.14326191984212852,
          0.0601360689873176
        ],
        [
          0.1549962289150977,
          0.0614069659918327
        ],
        [
          0.16673053798806683,
          0.06260764224009452
        ],
        [
          0.178464847061036,
          0.06366310795473441
        ],
        [
          0.19019915613400518,
          0.06464465879570924
        ],
        [
          0.2019334652069743,
          0.06540284429678757
        ],
        [
          0.21366777427994346,
          0.0661573576029353
        ],
        [
          0.2254020833529126,
          0.06675861308354013
        ],
        [
          0.23713639242588178,
          0.06727930982202086
        ],
        [
          0.24887070149885093,
          0.06764321429226972
        ],
        [
          0.26060501057182006,
          0.06799896150422585
        ],
        [
          0.2723393196447892,
          0.06819523188361559
        ],
        [
          0.2840736287177584,
          0.06838173900241842
        ],
        [
          0.2958079377907275,
          0.06840643010939498
        ],
        [
          0.3075422468636967,
          0.0684200280544587
        ],
        [
          0.3192765559366659,
          0.06826984932581497
        ],
        [
          0.33101086500963495,
          0.06810754932397348
        ],
        [
          0.34274517408260413,
          0.06785648248247983
        ],
        [
          0.3544794831555733,
          0.06751616615300976
        ],
        [
          0.36621379222854245,
          0.06708621472655847
        ],
        [
          0.37794810130151163,
          0.0666432883437058
        ],
        [
          0.3896824103744807,
          0.06611045749545401
        ],
        [
          0.4014167194474499,
          0.06548759786341005
        ],
        [
          0.4131510285204191,
          0.06485189939058647
        ],
        [
          0.4248853375933882,
          0.06412635333948846
        ],
        [
          0.4366196466663574,
          0.0633884240117206
        ],
        [
          0.4483539557393265,
          0.06256110303561137
        ],
        [
          0.46008826481229564,
          0.06172207322580169
        ],
        [
          0.47182257388526483,
          0.06079437862403283
        ],
        [
          0.4835568829582339,
          0.059855862590728386
        ],
        [
          0.49529119203120314,
          0.05882967253214395
        ],
        [
          0.5070255011041723,
          0.05779375262693585
        ],
        [
          0.5187598101771415,
          0.056671403193794295
        ],
        [
          0.5304941192501106,
          0.05554060812085331
        ],
        [
          0.5422284283230797,
          0.05440200563123633
        ],
        [
          0.553962737396049,
          0.053179194422723494
        ],
        [
          0.565697046469018,
          0.0519500814789965
        ],
        [
          0.5774313555419872,
          0.05063853485940893
        ],
        [
          0.5891656646149563,
          0.04932234574964262
        ],
        [
          0.6008999736879255,
          0.04800225789590229
        ],
        [
          0.6126342827608947,
          0.04667901443685615
        ],
        [
          0.6243685918338637,
          0.04527711076171463
        ],
        [
          0.636102900906833,
          0.04379781537731239
        ],
        [
          0.6478372099798021,
          0.04239421946616882
        ],
        [
          0.6595715190527712,
          0.04091515603184537
        ],
        [
          0.6713058281257405,
          0.03943747329884874
        ],
        [
          0.6830401371987096,
          0.03788669330994299
        ],
        [
          0.6947744462716787,
          0.036339277608495604
        ],
        [
          0.7065087553446479,
          0.034795990635217745
        ],
        [
          0.718243064417617,
          0.03318306063509467
        ],
        [
          0.7299773734905862,
          0.031650503564700276
        ],
        [
          0.7417116825635554,
          0.02997628323417247
        ],
        [
          0.7534459916365245,
          0.028383859257929397
        ],
        [
          0.7651803007094936,
          0.02672623186872496
        ],
        [
          0.7769146097824627,
          0.02544364807878829
        ],
        [
          0.788648918855432,
          0.025114742323574583
        ],
        [
          0.8003832279284011,
          0.02478533733507632
        ],
        [
          0.8121175370013702,
          0.023517145776278177
        ],
        [
          0.8238518460743394,
          0.022257250732801027
        ],
        [
          0.8355861551473085,
          0.021006075488570416
        ],
        [
          0.8473204642202777,
          0.019835228025366643
        ],
        [
          0.8590547732932469,
          0.018602308158112993
        ],
        [
          0.8707890823662161,
          0.017308654954331704
        ],
        [
          0.8825233914391851,
          0.016095990850243182
        ],
        [
          0.8942577005121543,
          0.01489370557400263
        ],
        [
          0.9059920095851235,
          0.013702034491840282
        ],
        [
          0.9177263186580926,
          0.012452024026530327
        ],
        [
          0.9294606277310619,
          0.011282503233651545
        ],
        [
          0.9411949368040309,
          0.010055646095750107
        ]
      ],