{
  "species": "neonHoloTetra04",
  "name": "Neon Holo Tetra 04",
  "params": {
    "thickness": 0.10848002561545875,
    "camber": 0.01,
    "camberPos": 0.4,
    "bodyLength": 0.6564917075587436,
    "bellyBulge": 0.005,
    "headBluntness": 0.9720316664437996,
    "tailNarrow": 0.03
  },
  "geometry": {
    "body": {
      "top": [
        [
          -0.030025782139599326,
          0.0001174670009360418
        ],
        [
          -0.02564917075587437,
          0.0006843719794021914
        ],
        [
          -0.021272559372149412,
          0.0021724975478758335
        ],
        [
          -0.016895947988424448,
          0.004227528094815625
        ],
        [
          -0.01251933660469949,
          0.006636874253296761
        ],
        [
          -0.008142725220974534,
          0.009046220411777899
        ],
        [
          -0.0037661138372495767,
          0.011101250958717692
        ],
        [
          0.0006104975464753803,
          0.012589376527191335
        ],
        [
          0.015928637389512734,
          0.02789211150978561
        ],
        [
          0.02687016584882513,
          0.03483081059370007
        ],
        [
          0.03781169430813752,
          0.03982311521199001
        ],
        [
          0.04875322276744992,
          0.04385045721554375
        ],
        [
          0.05969475122676231,
          0.04726044487073923
        ],
        [
          0.0706362796860747,
          0.05018880176076162
        ],
        [
          0.08157780814538709,
          0.05277412712368622
        ],
        [
          0.09251933660469949,
          0.05508414966993828
        ],
        [
          0.10346086506401189,
          0.05711396422285246
        ],
        [
          0.11440239352332426,
          0.059007521515893176
        ],
        [
          0.12534392198263666,
          0.06068731210570001
        ],
        [
          0.13628545044194906,
          0.06222466767731045
        ],
        [
          0.14722697890126146,
          0.06354152061174363
        ],
        [
          0.15816850736057383,
          0.06478568248746641
        ],
        [
          0.16911003581988626,
          0.06587952545481959
        ],
        [
          0.18005156427919866,
          0.06689685329035365
        ],
        [
          0.19099309273851103,
          0.06768295799610938
        ],
        [
          0.20193462119782343,
          0.06846526132245058
        ],
        [
          0.2128761496571358,
          0.06908891535207692
        ],
        [
          0.22381767811644823,
          0.06962917665616415
        ],
        [
          0.23475920657576063,
          0.07000712988236242
        ],
        [
          0.24570073503507303,
          0.07037663888532658
        ],
        [
          0.25664226349438535,
          0.07058106080553105
        ],
        [
          0.2675837919536978,
          0.07077537600250444
        ],
        [
          0.2785253204130102,
          0.0708021826472555
        ],
        [
          0.2894668488723226,
          0.07081750588272823
        ],
        [
          0.300408377331635,
          0.07066329092979237
        ],
        [
          0.31134990579094735,
          0.0704965282882716
        ],
        [
          0.32229143425025975,
          0.07023787607026412
        ],
        [
          0.33323296270957214,
          0.06988683464831576
        ],
        [
          0.34417449116888454,
          0.06944300484804697
        ],
        [
          0.35511601962819694,
          0.06898574364418958
        ],
        [
          0.36605754808750934,
          0.06843541521745745
        ],
        [
          0.37699907654682174,
          0.06779189087604937
        ],
        [
          0.38794060500613414,
          0.06713507603509845
        ],
        [
          0.39888213346544654,
          0.06638525285963486
        ],
        [
          0.40982366192475894,
          0.06562261077506999
        ],
        [
          0.4207651903840713,
          0.06476743232512673
        ],
        [
          0.4317067188433837,
          0.06390013313534297
        ],
        [
          0.4426482473026961,
          0.06294105000671066
        ],
        [
          0.45358977576200843,
          0.061970764758405246
        ],
        [
          0.4645313042213209,
          0.06090972119220282
        ],
        [
          0.4754728326806333,
          0.05983860549220546
        ],
        [
          0.4864143611399457,
          0.05867801975194449
        ],
        [
          0.497355889599258,
          0.05750869126194307
        ],
        [
          0.5082974180585704,
          0.05633128069743475
        ],
        [
          0.5192389465178828,
          0.05506669902774622
        ],
        [
          0.5301804749771952,
          0.05379559393351957
        ],
        [
          0.5411220034365077,
          0.05243915522155059
        ],
        [
          0.55206353189582,
          0.051077910700812926
        ],
        [
          0.5630050603551324,
          0.04971263028182759
        ],
        [
          0.5739465888144448,
          0.04834408324620654
        ],
        [
          0.5848881172737572,
          0.046894108799497215
        ],
        [
          0.5958296457330696,
          0.04536402007345323
        ],
        [
          0.606771174192382,
          0.043912293859415585
        ],
        [
          0.6177127026516944,
          0.04238244524324358
        ],
        [
          0.6286542311110068,
          0.04085402590021766
        ],
        [
          0.6395957595703192,
          0.03924993780617894
        ],
        [
          0.6505372880296316,
          0.0376493323521772
        ],
        [
          0.661478816488944,
          0.036053000871253855
        ],
        [
          0.6724203449482563,
          0.03438457638502428
        ],
        [
          0.6833618734075688,
          0.032799352275227
        ],
        [
          0.6943034018668811,
          0.031067481320409696
        ],
        [
          0.7052449303261936,
          0.02942028424136442
        ],
        [
          0.7161864587855059,
          0.02770558995248282
        ],
        [
          0.7271279872448183,
          0.02637913295621879
        ],
        [
          0.7380695157041308,
          0.02603990352217037
        ],
        [
          0.7490110441634431,
          0.02570015729226365
        ],
        [
          0.7599525726227556,
          0.024388598832764025
        ],
        [
          0.7708941010820679,
          0.023085628752462648
        ],
        [
          0.7818356295413803,
          0.021791685226029273
        ],
        [
          0.7927771580006927,
          0.02058089533903603
        ],
        [
          0.8037186864600051,
          0.019305849397169058
        ],
        [
          0.8146602149193175,
          0.017967933575130393
        ],
        [
          0.8256017433786299,
          0.016713855975788092
        ],
        [
          0.8365432718379423,
          0.015470522322035335
        ],
        [
          0.8474848002972547,
          0.014238176260072665
        ],
        [
          0.8584263287565671,
          0.012945438488424972
        ],
        [
          0.8693678572158795,
          0.011736021942814368
        ],
        [
          0.8803093856751919,
          0.010467252011614343
        ]
      ],