{
  "species": "neonHoloTetra13",
  "name": "Neon Holo Tetra 13",
  "params": {
    "thickness": 0.1054867858493919,
    "camber": 0.01,
    "camberPos": 0.4,
    "bodyLength": 0.7268585557027836,
    "bellyBulge": 0.005,
    "headBluntness": 1.0039686321857153,
    "tailNarrow": 0.03
  },
  "geometry": {
    "body": {
      "top": [
        [
          -0.03753157927496358,
          -0.000016668255180004277
        ],
        [
          -0.03268585557027837,
          0.00045575262133651097
        ],
        [
          -0.02784013186559315,
          0.0016958574221923632
        ],
        [
          -0.022994408160907913,
          0.0034083830995647307
        ],
        [
          -0.01814868445622269,
          0.00541617182475992
        ],
        [
          -0.013302960751537467,
          0.0074239605499551095
        ],
        [
          -0.008457237046852244,
          0.009136486227327476
        ],
        [
          -0.0036115133421670137,
          0.010376591028183328
        ],
        [
          0.013348519624231267,
          0.023132281277882825
        ],
        [
          0.025462828885944328,
          0.0289179407101411
        ],
        [
          0.03757713814765739,
          0.03308160454450369
        ],
        [
          0.049691447409370454,
          0.03644113276253644
        ],
        [
          0.06180575667108351,
          0.03928619895703607
        ],
        [
          0.07392006593279657,
          0.041729906128625
        ],
        [
          0.08603437519450963,
          0.0438877536573108
        ],
        [
          0.0981486844562227,
          0.04581618214241753
        ],
        [
          0.11026299371793577,
          0.0475111039361952
        ],
        [
          0.1223773029796488,
          0.04909247799871934
        ],
        [
          0.13449161224136189,
          0.05049571311883193
        ],
        [
          0.14660592150307492,
          0.051780252375089104
        ],
        [
          0.158720230764788,
          0.052881039409922254
        ],
        [
          0.17083454002650103,
          0.05392125055465863
        ],
        [
          0.18294884928821412,
          0.054836195926211806
        ],
        [
          0.19506315854992717,
          0.05568737867966526
        ],
        [
          0.20717746781164023,
          0.05634587546670451
        ],
        [
          0.2192917770733533,
          0.0570012044371551
        ],
        [
          0.23140608633506635,
          0.05752432564323651
        ],
        [
          0.2435203955967794,
          0.05797795290237663
        ],
        [
          0.2556347048584925,
          0.05829632341244131
        ],
        [
          0.2677490141202055,
          0.05860765706890035
        ],
        [
          0.27986332338191855,
          0.05878141813859204
        ],
        [
          0.29197763264363163,
          0.05894675693783472
        ],
        [
          0.3040919419053447,
          0.05897250525883007
        ],
        [
          0.3162062511670578,
          0.05898868407085522
        ],
        [
          0.32832056042877084,
          0.05886358104092565
        ],
        [
          0.34043486969048387,
          0.05872802160248901
        ],
        [
          0.35254917895219695,
          0.05851588750707185
        ],
        [
          0.36466348821391004,
          0.05822676239840851
        ],
        [
          0.37677779747562307,
          0.05786031363113967
        ],
        [
          0.38889210673733615,
          0.057482672026098705
        ],
        [
          0.4010064159990492,
          0.057027474391960264
        ],
        [
          0.41312072526076227,
          0.05649461348554272
        ],
        [
          0.4252350345224753,
          0.05595067716140641
        ],
        [
          0.4373493437841884,
          0.05532923388181401
        ],
        [
          0.44946365304590147,
          0.054697108176588315
        ],
        [
          0.4615779623076145,
          0.053987868823569304
        ],
        [
          0.4736922715693275,
          0.05326852885270958
        ],
        [
          0.4858065808310406,
          0.052472702256245875
        ],
        [
          0.49792089009275364,
          0.05166754055884671
        ],
        [
          0.5100351993544668,
          0.05078674692008042
        ],
        [
          0.5221495086161798,
          0.04989755983539897
        ],
        [
          0.5342638178778929,
          0.04893381437418383
        ],
        [
          0.5463781271396059,
          0.047962783287242274
        ],
        [
          0.558492436401319,
          0.046985017137340164
        ],
        [
          0.570606745663032,
          0.04593460839038842
        ],
        [
          0.5827210549247451,
          0.04487876345561816
        ],
        [
          0.5948353641864582,
          0.04375180716352797
        ],
        [
          0.6069496734481712,
          0.04262084603027901
        ],
        [
          0.6190639827098843,
          0.04148652164805516
        ],
        [
          0.6311782919715974,
          0.040349475084949286
        ],
        [
          0.6432926012333103,
          0.03914457233715641
        ],
        [
          0.6554069104950235,
          0.03787290768127944
        ],
        [
          0.6675212197567365,
          0.03666654512719073
        ],
        [
          0.6796355290184496,
          0.03539508056289963
        ],
        [
          0.6917498382801627,
          0.03412480705971772
        ],
        [
          0.7038641475418757,
          0.032791476255865946
        ],
        [
          0.7159784568035888,
          0.031461047652420526
        ],
        [
          0.7280927660653018,
          0.030134180693667946
        ],
        [
          0.7402070753270148,
          0.0287472362227199
        ],
        [
          0.752321384588728,
          0.027429625407770053
        ],
        [
          0.764435693850441,
          0.02598980887282427
        ],
        [
          0.7765500031121542,
          0.024620553910152037
        ],
        [
          0.7886643123738671,
          0.023195051265338124
        ],
        [
          0.8007786216355801,
          0.022093079739568255
        ],
        [
          0.8128929308972933,
          0.021813797955428527
        ],
        [
          0.8250072401590063,
          0.021534085508017834
        ],
        [
          0.8371215494207194,
          0.020444529431158112
        ],
        [
          0.8492358586824325,
          0.019362130337889655
        ],
        [
          0.8613501679441454,
          0.01828725337381785
        ],
        [
          0.8734644772058586,
          0.017281671118245752
        ],
        [
          0.8855787864675716,
          0.016222542143350296
        ],
        [
          0.8976930957292847,
          0.015111021594865992
        ],
        [
          0.9098074049909978,
          0.014069366241002065
        ],
        [
          0.9219217142527107,
          0.013036664176287922
        ],
        [
          0.9340360235144238,
          0.012013118439250282
        ],
        [
          0.9461503327761369,
          0.010939246270963226
        ],
        [
          0.95826464203785,
          0.009934808466691408
        ],
        [
          0.9703789512995631,
          0.008880909501361807
        ]
      ],