{
  "species": "neonHoloTetra16",
  "name": "Neon Holo Tetra 16",
  "params": {
    "thickness": 0.1202406332232553,
    "camber": 0.01,
    "camberPos": 0.4,
    "bodyLength": 0.6839017745242745,
    "bellyBulge": 0.005,
    "headBluntness": 0.9771847813934437,
    "tailNarrow": 0.03
  },
  "geometry": {
    "body": {
      "top": [
        [
          -0.032949522615922607,
          0.00009582391814753659
        ],
        [
          -0.028390177452427452,
          0.000710959261876484
        ],
        [
          -0.023830832288932284,
          0.00232568953916497
        ],
        [
          -0.019271487125437123,
          0.004555555160182404
        ],
        [
          -0.014712141961941955,
          0.00716988037103043
        ],
        [
          -0.010152796798446793,
          0.009784205581878454
        ],
        [
          -0.005593451634951632,
          0.012014071202895889
        ],
        [
          -0.001034106471456464,
          0.013628801480184376
        ],
        [
          0.014923601600776604,
          0.030234383160141463
        ],
        [
          0.02632196450951451,
          0.03776434495153045
        ],
        [
          0.03772032741825242,
          0.04318231959494353
        ],
        [
          0.04911869032699033,
          0.047553235856002365
        ],
        [
          0.06051705323572823,
          0.05125427534104944
        ],
        [
          0.07191541614446614,
          0.05443270853837828
        ],
        [
          0.08331377905320404,
          0.05723892624220045
        ],
        [
          0.09471214196194197,
          0.0597464192933981
        ],
        [
          0.10611050487067988,
          0.06194986519940423
        ],
        [
          0.11750886777941777,
          0.06400546153701425
        ],
        [
          0.12890723068815568,
          0.06582910462061094
        ],
        [
          0.14030559359689357,
          0.06749819479462772
        ],
        [
          0.1517039565056315,
          0.06892802271012603
        ],
        [
          0.1631023194143694,
          0.07027897525658662
        ],
        [
          0.1745006823231073,
          0.0714668202684846
        ],
        [
          0.18589904523184522,
          0.07257164049898203
        ],
        [
          0.19729740814058314,
          0.07342556591497439
        ],
        [
          0.20869577104932105,
          0.07427536654300115
        ],
        [
          0.22009413395805894,
          0.0749530205267506
        ],
        [
          0.23149249686679685,
          0.07554018701288136
        ],
        [
          0.24289085977553476,
          0.07595123679678743
        ],
        [
          0.2542892226842727,
          0.07635312395140119
        ],
        [
          0.26568758559301053,
          0.0765758789705496
        ],
        [
          0.2770859485017485,
          0.07678766742051114
        ],
        [
          0.2884843114104864,
          0.07681769625508246
        ],
        [
          0.29988267431922433,
          0.07683526471060978
        ],
        [
          0.31128103722796224,
          0.07666887123995315
        ],
        [
          0.3226794001367001,
          0.0764888625656489
        ],
        [
          0.334077763045438,
          0.07620914665933161
        ],
        [
          0.3454761259541759,
          0.07582918138692693
        ],
        [
          0.35687448886291384,
          0.07534853361364421
        ],
        [
          0.36827285177165175,
          0.07485331173821551
        ],
        [
          0.3796712146803896,
          0.07425710479419939
        ],
        [
          0.3910695775891275,
          0.07355977314112981
        ],
        [
          0.4024679404978655,
          0.07284802027760143
        ],
        [
          0.4138663034066034,
          0.07203534624387115
        ],
        [
          0.4252646663153413,
          0.07120876271144921
        ],
        [
          0.4366630292240792,
          0.07028177013150318
        ],
        [
          0.4480613921328171,
          0.06934162562001436
        ],
        [
          0.459459755041555,
          0.06830188850144502
        ],
        [
          0.47085811795029286,
          0.06724999622460864
        ],
        [
          0.48225648085903083,
          0.06609962421801775
        ],
        [
          0.4936548437677687,
          0.06493832317442882
        ],
        [
          0.5050532066765067,
          0.0636799402810387
        ],
        [
          0.5164515695852445,
          0.06241207083422071
        ],
        [
          0.5278499324939824,
          0.06113543171723104
        ],
        [
          0.5392482954027203,
          0.059764205271173744
        ],
        [
          0.5506466583114582,
          0.058385900409600656
        ],
        [
          0.5620450212201962,
          0.05691500203363721
        ],
        [
          0.5734433841289341,
          0.055438888986889236
        ],
        [
          0.584841747037672,
          0.0539583966812705
        ],
        [
          0.59624010994641,
          0.052474359846280204
        ],
        [
          0.6076384728551478,
          0.050901968030453
        ],
        [
          0.6190368357638858,
          0.04924264608236714
        ],
        [
          0.6304351986726237,
          0.04766835346475026
        ],
        [
          0.6418335615813615,
          0.04600929205427521
        ],
        [
          0.6532319244900995,
          0.044351781514689284
        ],
        [
          0.6646302873988373,
          0.0426121645817361
        ],
        [
          0.6760286503075753,
          0.040876326580098765
        ],
        [
          0.6874270132163132,
          0.03914512616676727
        ],
        [
          0.698825376125051,
          0.037335699318170594
        ],
        [
          0.710223739033789,
          0.03561655125367197
        ],
        [
          0.7216221019425269,
          0.03373828012473627
        ],
        [
          0.7330204648512648,
          0.03195188663959694
        ],
        [
          0.7444188277600027,
          0.030092253509454388
        ],
        [
          0.7558171906687405,
          0.028653887592538414
        ],
        [
          0.7672155535774785,
          0.028286739232161233
        ],
        [
          0.7786139164862164,
          0.02791903010867559
        ],
        [
          0.7900122793949543,
          0.026496830245828194
        ],
        [
          0.8014106423036923,
          0.025083949432540886
        ],
        [
          0.8128090052124302,
          0.023680863121907814
        ],
        [
          0.8242073681211681,
          0.022368004882154815
        ],
        [
          0.835605731029906,
          0.02098542389890368
        ],
        [
          0.847004093938644,
          0.019534624277929083
        ],
        [
          0.8584024568473818,
          0.01817479555312739
        ],
        [
          0.8698008197561197,
          0.016826624832602027
        ],
        [
          0.8811991826648576,
          0.015490376491151264
        ],
        [
          0.8925975455735955,
          0.014088598516857991
        ],
        [
          0.9039959084823335,
          0.012777230457744709
        ],
        [
          0.9153942713910713,
          0.011401459426999733
        ]
      ],