{
  "species": "neonHoloTetra09",
  "name": "Neon Holo Tetra 09",
  "params": {
    "thickness": 0.11063247966899946,
    "camber": 0.01,
    "camberPos": 0.4,
    "bodyLength": 0.6969898323499364,
    "bellyBulge": 0.005,
    "headBluntness": 1.0152506842085858,
    "tailNarrow": 0.03
  },
  "geometry": {
    "body": {
      "top": [
        [
          -0.03434558211732656,
          -0.00006405287367606025
        ],
        [
          -0.029698983234993655,
          0.0005248458517043513
        ],
        [
          -0.025052384352660738,
          0.002070705005827932
        ],
        [
          -0.020405785470327828,
          0.004205462885331923
        ],
        [
          -0.01575918658799491,
          0.006708282468198671
        ],
        [
          -0.011112587705662008,
          0.00921110205106542
        ],
        [
          -0.006465988823329098,
          0.011345859930569413
        ],
        [
          -0.0018193899409961814,
          0.012891719084692993
        ],
        [
          0.014443706147168996,
          0.028793679720271415
        ],
        [
          0.02606020335300127,
          0.03600711182485077
        ],
        [
          0.03767670055883354,
          0.04119863679607761
        ],
        [
          0.04929319776466582,
          0.04538776229041957
        ],
        [
          0.06090969497049809,
          0.048935582446713706
        ],
        [
          0.07252619217633036,
          0.051983086404547504
        ],
        [
          0.08414268938216263,
          0.0546742505228199
        ],
        [
          0.09575918658799493,
          0.05707943112711653
        ],
        [
          0.1073756837938272,
          0.05919353273866108
        ],
        [
          0.11899218099965947,
          0.06116609082931362
        ],
        [
          0.13060867820549174,
          0.06291658888548941
        ],
        [
          0.142225175411324,
          0.06451912598903378
        ],
        [
          0.15384167261715628,
          0.0658926057956603
        ],
        [
          0.16545816982298855,
          0.06719057440826459
        ],
        [
          0.17707466702882083,
          0.06833239231325133
        ],
        [
          0.18869116423465312,
          0.069394726591683
        ],
        [
          0.20030766144048537,
          0.07021686716644786
        ],
        [
          0.21192415864631767,
          0.07103505888280272
        ],
        [
          0.2235406558521499,
          0.07168844631595887
        ],
        [
          0.2351571530579822,
          0.07225520570448425
        ],
        [
          0.24677365026381448,
          0.0726533600819082
        ],
        [
          0.2583901474696468,
          0.07304274263250349
        ],
        [
          0.27000664467547897,
          0.07326063335235672
        ],
        [
          0.2816231418813113,
          0.07346802524673719
        ],
        [
          0.29323963908714357,
          0.07350140989715069
        ],
        [
          0.30485613629297587,
          0.07352286562588609
        ],
        [
          0.31647263349880816,
          0.0733682057323399
        ],
        [
          0.32808913070464035,
          0.07320051134783878
        ],
        [
          0.33970562791047265,
          0.07293736242241054
        ],
        [
          0.35132212511630495,
          0.072578239944965
        ],
        [
          0.36293862232213725,
          0.072122729254682
        ],
        [
          0.3745551195279695,
          0.07165326607367506
        ],
        [
          0.38617161673380174,
          0.07108712501717315
        ],
        [
          0.39778811393963404,
          0.07042417240062492
        ],
        [
          0.40940461114546634,
          0.0697474136639371
        ],
        [
          0.4210211083512986,
          0.0689740382247598
        ],
        [
          0.4326376055571309,
          0.06818734655179154
        ],
        [
          0.4442541027629631,
          0.067304528456067
        ],
        [
          0.4558705999687954,
          0.06640911938211178
        ],
        [
          0.46748709717462766,
          0.0654183655032043
        ],
        [
          0.4791035943804599,
          0.06441597490518584
        ],
        [
          0.49072009158629226,
          0.06331930491334051
        ],
        [
          0.5023365887921245,
          0.062212172027396505
        ],
        [
          0.5139530859979567,
          0.061012098005508456
        ],
        [
          0.525569583203789,
          0.059802942048597714
        ],
        [
          0.5371860804096212,
          0.058585390463572334
        ],
        [
          0.5488025776154536,
          0.0572772858675829
        ],
        [
          0.5604190748212858,
          0.05596240476311048
        ],
        [
          0.5720355720271182,
          0.054558879422603075
        ],
        [
          0.5836520692329504,
          0.05315036182631067
        ],
        [
          0.5952685664387827,
          0.051737651754340516
        ],
        [
          0.606885063644615,
          0.05032154833349151
        ],
        [
          0.6185015608504473,
          0.04882085842915346
        ],
        [
          0.6301180580562795,
          0.04723694611757421
        ],
        [
          0.6417345552621118,
          0.0457344364840293
        ],
        [
          0.653351052467944,
          0.04415077359766755
        ],
        [
          0.6649675496737764,
          0.04256859543478845
        ],
        [
          0.6765840468796086,
          0.040907812862501745
        ],
        [
          0.688200544085441,
          0.03925064804337762
        ],
        [
          0.6998170412912732,
          0.037597923011155686
        ],
        [
          0.7114335384971054,
          0.035870308040502535
        ],
        [
          0.7230500357029377,
          0.03422912130296301
        ],
        [
          0.7346665329087699,
          0.03243559838318177
        ],
        [
          0.7462830301146023,
          0.03073003436199777
        ],
        [
          0.7578995273204345,
          0.02895435449715528
        ],
        [
          0.7695160245262668,
          0.027581974048356432
        ],
        [
          0.7811325217320991,
          0.027235121818805524
        ],
        [
          0.7927490189379314,
          0.02688773274369179
        ],
        [
          0.8043655161437637,
          0.025530828837953712
        ],
        [
          0.8159820133495959,
          0.02418284650770895
        ],
        [
          0.8275985105554281,
          0.022844240927130118
        ],
        [
          0.8392150077612605,
          0.021592015029456048
        ],
        [
          0.8508315049670927,
          0.020273040187513584
        ],
        [
          0.862448002172925,
          0.018888756354286374
        ],
        [
          0.8740644993787573,
          0.017591563346434566
        ],
        [
          0.8856809965845895,
          0.01630553110820655
        ],
        [
          0.8972974937904219,
          0.015030912738344424
        ],
        [
          0.908913990996254,
          0.013693559691229545
        ],
        [
          0.9205304882020864,
          0.012442760415335964
        ],
        [
          0.9321469854079186,
          0.011130305069292513
        ]
      ],